customerid,subscription_start_date,subscription_type,renewal_date,plan_type,contract_type,cancellation_date,cancellation_reason,monthly_charges,cltv,churn_score
CUST-0001,2019-01-15,Referral,2020-01-15,Standard,Annual,,,12.99,820,18
CUST-0002,2019-02-03,Organic,2019-03-05,Basic,Monthly,2020-06-10,No Longer Interested,7.49,210,67
CUST-0003,2019-02-27,Paid,2020-02-27,Premium,Annual,,,19.99,1450,22
CUST-0004,2019-03-12,Referral,2020-03-10,Standard,Annual,2021-04-18,Too Expensive,13.49,560,54
CUST-0005,2019-03-28,Organic,2019-04-28,Basic,Monthly,2019-07-02,Forgot to Cancel Trial,6.99,95,71
CUST-0006,2019-04-10,Referral,2020-04-11,Premium,Annual,,,21.99,2100,15
CUST-0007,2019-04-22,Paid,2019-05-22,Standard,Monthly,2020-01-03,Switched to Competitor,11.99,380,63
CUST-0008,2019-05-09,Organic,2020-05-08,Standard,Annual,,,12.49,970,27
CUST-0009,2019-05-30,Referral,2019-06-29,Basic,Monthly,2021-01-15,Too Expensive,8.99,340,58
CUST-0010,2019-06-14,Paid,2020-06-16,Premium,Annual,2022-02-20,Lack of Content,18.49,1320,46
CUST-0011,2019-06-27,Organic,2019-07-27,Basic,Monthly,,,5.99,410,29
CUST-0012,2019-07-05,Referral,2020-07-04,Standard,Annual,2023-03-18,Switched to Competitor,14.99,890,52
CUST-0013,2019-07-19,Referral,2019-08-18,Standard,Monthly,2019-11-25,No Longer Interested,10.49,175,69
CUST-0014,2019-08-01,Paid,2020-08-01,Premium,Annual,,,22.99,2350,11
CUST-0015,2019-08-16,Unknown,2019-09-16,Basic,Monthly,2019-10-20,Forgot to Cancel Trial,7.99,120,74
CUST-0016,2019-08-29,Organic,2020-08-30,Standard,Annual,,,15.49,1040,25
CUST-0017,2019-09-07,Referral,2019-10-09,Premium,Monthly,2020-09-15,Too Expensive,19.49,640,61
CUST-0018,2019-09-21,Referral,2020-09-20,Standard,Annual,,,11.99,780,23
CUST-0019,2019-10-02,Paid,2019-11-02,Basic,Monthly,2020-01-28,Payment Issues,6.49,135,68
CUST-0020,2019-10-18,Organic,2020-10-17,Premium,Annual,2021-09-05,Moved to Family Plan,17.99,1190,43
CUST-0021,2019-11-01,Referral,2019-12-01,Standard,Monthly,2022-04-22,No Longer Interested,13.99,510,57
CUST-0022,2019-11-15,Referral,2020-11-14,Premium,Annual,,,23.49,2560,9
CUST-0023,2019-11-27,Organic,2019-12-28,Basic,Monthly,,,5.49,390,26
CUST-0024,2019-12-06,Paid,2020-12-07,Standard,Annual,2023-01-19,Lack of Content,12.99,845,49
CUST-0025,2019-12-20,Referral,2020-12-18,Premium,Annual,2024-06-14,Too Expensive,20.99,1880,37
CUST-0026,2020-01-03,Organic,2021-01-04,Standard,Annual,,,14.49,990,21
CUST-0027,2020-01-17,Paid,2020-02-17,Basic,Monthly,2020-05-02,Technical Problems,6.99,160,65
CUST-0028,2020-01-29,Referral,2021-01-28,Premium,Annual,,,18.99,1675,19
CUST-0029,2020-02-10,Referral,2020-03-12,Standard,Monthly,2021-02-20,Switched to Competitor,10.99,420,59
CUST-0030,2020-02-24,Organic,2021-02-23,Premium,Annual,2022-03-08,Too Expensive,21.49,1405,41
CUST-0031,2020-03-09,Paid,2020-04-09,Basic,Monthly,,,8.49,360,34
CUST-0032,2020-03-21,Referral,2021-03-22,Standard,Annual,,,11.49,915,24
CUST-0033,2020-04-02,Referral,2020-05-02,Premium,Monthly,2020-09-10,No Longer Interested,17.99,530,62
CUST-0034,2020-04-16,Organic,2021-04-15,Standard,Annual,2023-02-05,Switched to Competitor,13.49,860,50
CUST-0035,2020-04-29,Paid,2020-05-29,Basic,Monthly,2020-08-01,Forgot to Cancel Trial,5.99,110,73
CUST-0036,2020-05-12,Referral,2021-05-11,Premium,Annual,,,19.99,1950,17
CUST-0037,2020-05-26,Organic,2020-06-26,Standard,Monthly,,,12.99,445,32
CUST-0038,2020-06-08,Referral,2021-06-08,Standard,Annual,2024-01-18,Lack of Content,15.99,1020,47
CUST-0039,2020-06-22,Paid,2020-07-22,Basic,Monthly,2021-01-09,Too Expensive,7.49,205,66
CUST-0040,2020-07-03,Organic,2021-07-03,Premium,Annual,,,22.49,2280,13
CUST-0041,2020-07-17,Referral,2020-08-17,Standard,Monthly,2022-11-22,No Longer Interested,10.49,520,56
CUST-0042,2020-07-31,Referral,2021-07-30,Standard,Annual,,,11.99,940,20
CUST-0043,2020-08-13,Paid,2020-09-12,Basic,Monthly,2020-11-28,Payment Issues,6.49,145,70
CUST-0044,2020-08-27,Organic,2021-08-27,Premium,Annual,2023-06-03,Switched to Competitor,18.49,1325,44
CUST-0045,2020-09-09,Referral,2020-10-09,Standard,Monthly,,,13.49,480,31
CUST-0046,2020-09-23,Referral,2021-09-23,Premium,Annual,,,21.99,2140,16
CUST-0047,2020-10-06,Organic,2020-11-07,Basic,Monthly,2021-02-15,Lack of Content,8.99,225,64
CUST-0048,2020-10-20,Paid,2021-10-20,Standard,Annual,2022-09-19,Too Expensive,12.49,835,45
CUST-0049,2020-11-02,Referral,2020-12-02,Premium,Monthly,2020-12-28,Poor Streaming Quality,19.49,310,77
CUST-0050,2020-11-16,Organic,2021-11-16,Standard,Annual,,,14.99,1015,28
CUST-0051,2020-11-30,Paid,2020-12-30,Basic,Monthly,,,5.99,395,33
CUST-0052,2020-12-11,Referral,2021-12-11,Premium,Annual,2024-04-01,Moved to Family Plan,20.49,1895,39
CUST-0053,2020-12-23,Organic,2021-12-23,Standard,Annual,,,11.49,930,22
CUST-0054,2021-01-05,Referral,2021-02-05,Basic,Monthly,2021-06-17,No Longer Interested,6.99,180,69
CUST-0055,2021-01-19,Paid,2022-01-19,Premium,Annual,,,23.49,2550,12
CUST-0056,2021-02-02,Organic,2021-03-04,Standard,Monthly,2021-09-08,Switched to Competitor,10.99,435,60
CUST-0057,2021-02-16,Referral,2022-02-16,Standard,Annual,,,13.99,875,26
CUST-0058,2021-03-01,Paid,2021-04-01,Basic,Monthly,2021-05-27,Forgot to Cancel Trial,7.49,105,72
CUST-0059,2021-03-15,Referral,2022-03-15,Premium,Annual,2023-08-22,Too Expensive,18.99,1620,42
CUST-0060,2021-03-29,Organic,2021-04-29,Standard,Monthly,,,12.49,460,30
CUST-0061,2021-04-12,Referral,2022-04-11,Standard,Annual,,,15.49,1080,19
CUST-0062,2021-04-26,Paid,2021-05-26,Premium,Monthly,2021-12-05,Lack of Content,21.99,575,58
CUST-0063,2021-05-10,Organic,2022-05-10,Premium,Annual,,,17.99,1390,20
CUST-0064,2021-05-24,Referral,2021-06-23,Basic,Monthly,2022-01-03,Too Expensive,8.49,250,67
CUST-0065,2021-06-07,Referral,2022-06-07,Standard,Annual,,,11.99,905,23
CUST-0066,2021-06-21,Paid,2021-07-21,Basic,Monthly,2021-10-10,Payment Issues,5.49,140,71
CUST-0067,2021-07-05,Organic,2022-07-05,Premium,Annual,2024-03-19,Moved to Family Plan,22.49,1980,35
CUST-0068,2021-07-19,Referral,2021-08-19,Standard,Monthly,,,13.99,495,29
CUST-0069,2021-08-02,Referral,2022-08-02,Standard,Annual,,,12.49,920,21
CUST-0070,2021-08-16,Paid,2021-09-15,Premium,Monthly,2022-02-28,Too Expensive,19.99,610,55
CUST-0071,2021-08-30,Organic,2022-08-30,Premium,Annual,,,18.49,1510,18
CUST-0072,2021-09-13,Referral,2021-10-13,Basic,Monthly,2023-04-20,No Longer Interested,6.99,300,63
CUST-0073,2021-09-27,Organic,2022-09-27,Standard,Annual,2023-11-07,Switched to Competitor,14.49,855,48
CUST-0074,2021-10-11,Paid,2021-11-12,Basic,Monthly,2022-01-25,Forgot to Cancel Trial,7.99,115,74
CUST-0075,2021-10-25,Referral,2022-10-25,Premium,Annual,,,20.99,1860,16
CUST-0076,2021-11-08,Organic,2021-12-08,Standard,Monthly,,,10.49,470,28
CUST-0077,2021-11-22,Referral,2022-11-22,Standard,Annual,2025-01-05,Lack of Content,11.99,980,40
CUST-0078,2021-12-06,Paid,2022-01-06,Premium,Monthly,2022-08-14,Poor Streaming Quality,17.49,540,59
CUST-0079,2021-12-20,Organic,2022-12-20,Premium,Annual,,,23.49,2420,14
CUST-0080,2022-01-03,Referral,2022-02-02,Basic,Monthly,2022-07-19,Too Expensive,5.99,190,68
CUST-0081,2022-01-17,Paid,2023-01-17,Standard,Annual,,,13.49,1005,27
CUST-0082,2022-01-31,Organic,2022-03-02,Standard,Monthly,2022-12-01,Switched to Competitor,12.99,415,57
CUST-0083,2022-02-14,Referral,2023-02-14,Premium,Annual,,,21.49,1760,18
CUST-0084,2022-02-28,Referral,2022-03-30,Basic,Monthly,2022-05-22,Forgot to Cancel Trial,6.49,100,73
CUST-0085,2022-03-14,Paid,2023-03-14,Premium,Annual,2024-09-09,Too Expensive,18.99,1595,38
CUST-0086,2022-03-28,Organic,2022-04-27,Standard,Monthly,,,11.99,455,31
CUST-0087,2022-04-11,Referral,2023-04-11,Standard,Annual,,,14.99,930,24
CUST-0088,2022-04-25,Organic,2022-05-25,Premium,Monthly,2023-01-03,Lack of Content,20.99,585,60
CUST-0089,2022-05-09,Paid,2023-05-09,Premium,Annual,,,22.99,2210,15
CUST-0090,2022-05-23,Referral,2022-06-22,Basic,Monthly,2023-02-16,Too Expensive,8.99,260,66
CUST-0091,2022-06-06,Organic,2023-06-06,Standard,Annual,2025-01-29,Switched to Competitor,12.49,840,51
CUST-0092,2022-06-20,Paid,2022-07-20,Basic,Monthly,,,5.49,380,35
CUST-0093,2022-07-04,Referral,2023-07-04,Premium,Annual,2024-11-11,Moved to Family Plan,19.49,1920,36
CUST-0094,2022-07-18,Organic,2022-08-17,Standard,Monthly,,,10.99,430,29
CUST-0095,2022-08-01,Referral,2023-08-01,Standard,Annual,,,11.49,960,20
CUST-0096,2022-08-15,Paid,2022-09-14,Premium,Monthly,2023-03-27,Too Expensive,17.99,600,58
CUST-0097,2022-08-29,Organic,2023-08-29,Premium,Annual,,,23.99,2380,13
CUST-0098,2022-09-12,Referral,2022-10-12,Basic,Monthly,2024-01-08,No Longer Interested,6.99,295,62
CUST-0099,2022-09-26,Organic,2023-09-26,Standard,Annual,2025-05-02,Switched to Competitor,15.49,870,46
CUST-0100,2022-10-10,Paid,2022-11-09,Basic,Monthly,2023-02-21,Forgot to Cancel Trial,7.49,130,75
CUST-0101,2022-10-24,Referral,2023-10-24,Premium,Annual,,,18.49,1710,19
CUST-0102,2022-11-07,Organic,2022-12-07,Standard,Monthly,,,12.99,485,33
CUST-0103,2022-11-21,Referral,2023-11-21,Standard,Annual,,,13.99,910,25
CUST-0104,2022-12-05,Paid,2023-01-04,Premium,Monthly,2023-09-17,Poor Streaming Quality,19.99,560,61
CUST-0105,2022-12-19,Organic,2023-12-19,Premium,Annual,2025-06-30,Too Expensive,21.99,2030,37
CUST-0106,2023-01-02,Referral,2023-02-01,Basic,Monthly,2023-07-12,Payment Issues,5.99,175,70
CUST-0107,2023-01-16,Paid,2024-01-16,Standard,Annual,,,14.49,995,26
CUST-0108,2023-01-30,Organic,2023-03-01,Standard,Monthly,,,11.49,450,30
CUST-0109,2023-02-13,Referral,2024-02-13,Premium,Annual,,,22.49,1835,17
CUST-0110,2023-02-27,Referral,2023-03-29,Basic,Monthly,2023-05-18,Forgot to Cancel Trial,6.49,115,72
CUST-0111,2023-03-13,Paid,2024-03-12,Premium,Annual,2025-09-01,Too Expensive,19.49,1610,39
CUST-0112,2023-03-27,Organic,2023-04-26,Standard,Monthly,,,10.49,465,32
CUST-0113,2023-04-10,Referral,2024-04-10,Standard,Annual,,,15.99,920,23
CUST-0114,2023-04-24,Organic,2023-05-24,Premium,Monthly,2023-12-08,Lack of Content,18.99,580,59
CUST-0115,2023-05-08,Paid,2024-05-07,Premium,Annual,,,21.49,2105,16
CUST-0116,2023-05-22,Referral,2023-06-21,Basic,Monthly,2024-02-03,Too Expensive,8.99,240,67
CUST-0117,2023-06-05,Organic,2024-06-04,Standard,Annual,2025-12-15,Switched to Competitor,13.49,880,49
CUST-0118,2023-06-19,Paid,2023-07-19,Basic,Monthly,,,5.49,370,36
CUST-0119,2023-07-03,Referral,2024-07-02,Premium,Annual,,,20.99,1940,18
CUST-0120,2023-07-17,Organic,2023-08-16,Standard,Monthly,,,12.49,455,29
CUST-0121,2023-07-31,Referral,2024-07-30,Standard,Annual,,,11.99,940,21
CUST-0122,2023-08-14,Paid,2023-09-13,Premium,Monthly,2024-03-27,Too Expensive,17.99,605,57
CUST-0123,2023-08-28,Organic,2024-08-27,Premium,Annual,,,23.49,2360,14
CUST-0124,2023-09-11,Referral,2023-10-11,Basic,Monthly,2025-01-10,No Longer Interested,6.99,305,64
CUST-0125,2023-09-25,Organic,2024-09-24,Standard,Annual,2025-06-01,Switched to Competitor,15.49,865,47
CUST-0126,2023-10-09,Paid,2023-11-08,Basic,Monthly,2024-02-19,Forgot to Cancel Trial,7.49,135,76
CUST-0127,2023-10-23,Referral,2024-10-22,Premium,Annual,,,18.49,1750,19
CUST-0128,2023-11-06,Organic,2023-12-06,Standard,Monthly,,,12.99,480,31
CUST-0129,2023-11-20,Referral,2024-11-19,Standard,Annual,,,13.99,905,24
CUST-0130,2023-12-04,Paid,2024-01-03,Premium,Monthly,2024-09-15,Poor Streaming Quality,19.99,570,60
CUST-0131,2023-12-18,Organic,2024-12-17,Premium,Annual,2025-07-29,Too Expensive,21.99,2070,36
CUST-0132,2019-01-08,Referral,2020-01-08,Basic,Annual,2021-03-19,Too Expensive,9.99,420,55
CUST-0133,2019-02-19,Organic,2019-03-21,Standard,Monthly,,,12.49,395,28
CUST-0134,2019-03-03,Paid,2020-03-03,Premium,Annual,2022-01-10,Switched to Competitor,20.99,1480,41
CUST-0135,2019-03-17,Referral,2019-04-16,Basic,Monthly,2020-02-05,No Longer Interested,7.49,215,66
CUST-0136,2019-03-31,Organic,2020-03-30,Standard,Annual,,,11.99,910,22
CUST-0137,2019-04-14,Referral,2019-05-14,Premium,Monthly,2019-12-22,Too Expensive,17.99,540,63
CUST-0138,2019-04-28,Paid,2020-04-27,Premium,Annual,,,23.99,2300,12
CUST-0139,2019-05-12,Organic,2019-06-11,Standard,Monthly,2020-03-18,Lack of Content,10.99,325,59
CUST-0140,2019-05-26,Referral,2020-05-26,Basic,Annual,,,8.99,600,33
CUST-0141,2019-06-09,Paid,2019-07-09,Basic,Monthly,2019-09-21,Forgot to Cancel Trial,6.49,125,72
CUST-0142,2019-06-23,Organic,2020-06-22,Standard,Annual,2021-12-30,Switched to Competitor,13.49,830,48
CUST-0143,2019-07-07,Referral,2019-08-06,Premium,Monthly,2020-02-18,Poor Streaming Quality,18.49,515,61
CUST-0144,2019-07-21,Organic,2020-07-20,Premium,Annual,,,22.49,2100,15
CUST-0145,2019-08-04,Referral,2019-09-03,Basic,Monthly,2020-01-11,Too Expensive,5.99,195,69
CUST-0146,2019-08-18,Paid,2020-08-17,Standard,Annual,,,14.99,960,26
CUST-0147,2019-09-01,Organic,2019-10-01,Standard,Monthly,,,11.49,410,29
CUST-0148,2019-09-15,Referral,2020-09-14,Premium,Annual,2021-11-05,Moved to Family Plan,19.99,1890,38
CUST-0149,2019-09-29,Organic,2019-10-29,Basic,Monthly,2020-06-07,No Longer Interested,7.99,230,64
CUST-0150,2019-10-13,Paid,2020-10-12,Premium,Annual,,,21.49,1755,18
CUST-0151,2019-10-27,Referral,2019-11-26,Standard,Monthly,2020-03-09,Technical Problems,10.49,355,60
CUST-0152,2019-11-10,Organic,2020-11-09,Standard,Annual,,,12.99,895,24
CUST-0153,2019-11-24,Paid,2019-12-24,Basic,Monthly,,,6.49,365,32
CUST-0154,2019-12-08,Referral,2020-12-07,Premium,Annual,2022-04-19,Too Expensive,18.99,1540,40
CUST-0155,2019-12-22,Organic,2020-12-21,Premium,Annual,,,23.49,2440,11
CUST-0156,2020-01-05,Referral,2020-02-04,Basic,Monthly,2020-08-16,Payment Issues,5.99,185,71
CUST-0157,2020-01-19,Organic,2021-01-18,Standard,Annual,,,15.49,1025,23
CUST-0158,2020-02-02,Paid,2020-03-03,Standard,Monthly,,,10.99,445,34
CUST-0159,2020-02-16,Referral,2021-02-16,Premium,Annual,2023-07-30,Switched to Competitor,20.99,1670,42
CUST-0160,2020-03-01,Referral,2020-03-31,Basic,Monthly,2020-05-25,Forgot to Cancel Trial,7.49,120,73
CUST-0161,2020-03-15,Paid,2021-03-15,Premium,Annual,,,22.99,2190,16
CUST-0162,2020-03-29,Organic,2020-04-28,Standard,Monthly,2020-12-09,Lack of Content,11.49,335,57
CUST-0163,2020-04-12,Referral,2021-04-12,Standard,Annual,2022-10-21,Switched to Competitor,13.99,865,45
CUST-0164,2020-04-26,Organic,2020-05-26,Premium,Monthly,2021-01-03,Poor Streaming Quality,19.49,555,62
CUST-0165,2020-05-10,Paid,2021-05-10,Premium,Annual,,,21.99,2065,17
CUST-0166,2020-05-24,Referral,2020-06-23,Basic,Monthly,2021-02-04,Too Expensive,8.49,245,68
CUST-0167,2020-06-07,Organic,2021-06-07,Standard,Annual,,,11.99,900,25
CUST-0168,2020-06-21,Paid,2020-07-21,Basic,Monthly,2020-10-28,Payment Issues,6.49,155,70
CUST-0169,2020-07-05,Referral,2021-07-05,Premium,Annual,2023-03-15,Moved to Family Plan,19.99,1930,37
CUST-0170,2020-07-19,Organic,2020-08-18,Standard,Monthly,,,10.49,460,30
CUST-0171,2020-08-02,Referral,2021-08-02,Standard,Annual,,,14.49,940,22
CUST-0172,2020-08-16,Paid,2020-09-15,Premium,Monthly,2021-04-29,Too Expensive,17.99,590,58
CUST-0173,2020-08-30,Organic,2021-08-30,Premium,Annual,,,23.99,2395,13
CUST-0174,2020-09-13,Referral,2020-10-13,Basic,Monthly,2022-01-09,No Longer Interested,6.99,310,63
CUST-0175,2020-09-27,Organic,2021-09-27,Standard,Annual,2023-05-06,Switched to Competitor,15.99,875,48
CUST-0176,2020-10-11,Paid,2020-11-10,Basic,Monthly,2021-02-23,Forgot to Cancel Trial,7.99,140,74
CUST-0177,2020-10-25,Referral,2021-10-25,Premium,Annual,,,18.49,1780,18
CUST-0178,2020-11-08,Organic,2020-12-08,Standard,Monthly,,,12.99,475,29
CUST-0179,2020-11-22,Referral,2021-11-22,Standard,Annual,,,13.49,915,21
CUST-0180,2020-12-06,Paid,2021-01-05,Premium,Monthly,2021-09-17,Poor Streaming Quality,19.49,565,59
CUST-0181,2020-12-20,Organic,2021-12-20,Premium,Annual,2023-07-01,Too Expensive,21.49,2045,36
CUST-0182,2021-01-03,Referral,2021-02-02,Basic,Monthly,2021-06-19,Payment Issues,5.99,180,69
CUST-0183,2021-01-17,Paid,2022-01-17,Standard,Annual,,,14.99,1000,27
CUST-0184,2021-01-31,Organic,2021-03-02,Standard,Monthly,,,11.49,455,31
CUST-0185,2021-02-14,Referral,2022-02-14,Premium,Annual,,,22.49,1820,19
CUST-0186,2021-02-28,Referral,2021-03-30,Basic,Monthly,2021-05-20,Forgot to Cancel Trial,6.49,110,73
CUST-0187,2021-03-14,Paid,2022-03-14,Premium,Annual,2023-09-03,Too Expensive,19.99,1605,40
CUST-0188,2021-03-28,Organic,2021-04-27,Standard,Monthly,,,10.99,470,33
CUST-0189,2021-04-11,Referral,2022-04-11,Standard,Annual,,,15.49,925,24
CUST-0190,2021-04-25,Organic,2021-05-25,Premium,Monthly,2021-12-06,Lack of Content,18.49,590,60
CUST-0191,2021-05-09,Paid,2022-05-09,Premium,Annual,,,21.99,2090,15
CUST-0192,2021-05-23,Referral,2021-06-22,Basic,Monthly,2022-02-02,Too Expensive,8.99,255,68
CUST-0193,2021-06-06,Organic,2022-06-06,Standard,Annual,2023-12-14,Switched to Competitor,13.99,885,47
CUST-0194,2021-06-20,Paid,2021-07-20,Basic,Monthly,,,5.49,375,35
CUST-0195,2021-07-04,Referral,2022-07-04,Premium,Annual,2024-02-18,Moved to Family Plan,19.49,1950,37
CUST-0196,2021-07-18,Organic,2021-08-17,Standard,Monthly,,,10.49,465,30
CUST-0197,2021-08-01,Referral,2022-08-01,Standard,Annual,,,11.99,935,22
CUST-0198,2021-08-15,Paid,2021-09-14,Premium,Monthly,2022-03-29,Too Expensive,17.99,595,58
CUST-0199,2021-08-29,Organic,2022-08-29,Premium,Annual,,,23.99,2410,13
CUST-0200,2021-09-12,Referral,2021-10-12,Basic,Monthly,2023-01-07,No Longer Interested,6.99,300,64
CUST-0201,2019-01-04,Referral,2019-02-03,Basic,Monthly,,,6.99,410,28
CUST-0202,2019-01-18,Organic,2020-01-18,Standard,Annual,2021-05-23,Switched to Competitor,13.49,880,49
CUST-0203,2019-02-01,Paid,2019-03-03,Premium,Monthly,2019-11-12,Too Expensive,18.99,520,63
CUST-0204,2019-02-15,Referral,2020-02-14,Premium,Annual,,,21.99,1680,19
CUST-0205,2019-03-01,Organic,2019-04-01,Standard,Monthly,2019-08-17,No Longer Interested,10.49,255,67
CUST-0206,2019-03-15,Referral,2020-03-14,Standard,Annual,,,11.99,930,23
CUST-0207,2019-03-29,Paid,2019-04-28,Basic,Monthly,2020-01-03,Payment Issues,5.49,160,70
CUST-0208,2019-04-12,Referral,2020-04-11,Premium,Annual,2022-02-20,Moved to Family Plan,19.99,1905,38
CUST-0209,2019-04-26,Organic,2019-05-26,Standard,Monthly,,,12.99,440,31
CUST-0210,2019-05-10,Referral,2020-05-09,Standard,Annual,,,14.49,980,21
CUST-0211,2019-05-24,Paid,2019-06-23,Premium,Monthly,2020-03-02,Poor Streaming Quality,17.49,545,60
CUST-0212,2019-06-07,Organic,2020-06-06,Premium,Annual,2021-11-15,Too Expensive,22.49,1540,42
CUST-0213,2019-06-21,Referral,2019-07-21,Basic,Monthly,2019-10-29,Forgot to Cancel Trial,7.49,120,72
CUST-0214,2019-07-05,Organic,2020-07-04,Standard,Annual,,,12.49,905,24
CUST-0215,2019-07-19,Paid,2019-08-18,Standard,Monthly,,,10.99,390,33
CUST-0216,2019-08-02,Referral,2020-08-01,Premium,Annual,,,20.99,1760,17
CUST-0217,2019-08-16,Referral,2019-09-15,Basic,Monthly,2020-02-22,Too Expensive,5.99,210,68
CUST-0218,2019-08-30,Organic,2020-08-29,Standard,Annual,2022-01-09,Switched to Competitor,13.99,860,47
CUST-0219,2019-09-13,Paid,2019-10-13,Basic,Monthly,,,6.49,375,34
CUST-0220,2019-09-27,Referral,2020-09-26,Premium,Annual,2021-12-05,Lack of Content,18.99,1625,39
CUST-0221,2019-10-11,Organic,2019-11-10,Standard,Monthly,2020-06-18,No Longer Interested,10.49,270,65
CUST-0222,2019-10-25,Paid,2020-10-24,Premium,Annual,,,23.49,2300,13
CUST-0223,2019-11-08,Referral,2019-12-08,Standard,Monthly,,,11.49,415,30
CUST-0224,2019-11-22,Organic,2020-11-21,Standard,Annual,2021-09-17,Switched to Competitor,15.49,890,50
CUST-0225,2019-12-06,Paid,2020-01-05,Basic,Monthly,2020-04-14,Payment Issues,7.99,145,71
CUST-0226,2019-12-20,Referral,2020-12-19,Premium,Annual,,,21.49,1870,18
CUST-0227,2020-01-03,Organic,2020-02-02,Standard,Monthly,,,12.99,460,29
CUST-0228,2020-01-17,Referral,2021-01-17,Standard,Annual,2022-05-21,Lack of Content,13.49,915,46
CUST-0229,2020-01-31,Paid,2020-03-01,Premium,Monthly,2020-10-11,Too Expensive,19.99,530,59
CUST-0230,2020-02-14,Organic,2021-02-14,Premium,Annual,,,22.99,2105,16
CUST-0231,2020-02-28,Referral,2020-03-29,Basic,Monthly,2020-07-06,No Longer Interested,6.99,200,69
CUST-0232,2020-03-13,Organic,2021-03-13,Standard,Annual,,,11.99,900,23
CUST-0233,2020-03-27,Paid,2020-04-26,Standard,Monthly,2021-01-02,Switched to Competitor,10.99,340,57
CUST-0234,2020-04-10,Referral,2021-04-10,Premium,Annual,2023-03-19,Moved to Family Plan,20.49,1930,37
CUST-0235,2020-04-24,Referral,2020-05-24,Basic,Monthly,2020-09-01,Forgot to Cancel Trial,5.49,115,73
CUST-0236,2020-05-08,Organic,2021-05-08,Standard,Annual,,,14.99,980,21
CUST-0237,2020-05-22,Paid,2020-06-21,Premium,Monthly,2021-03-05,Poor Streaming Quality,18.49,565,61
CUST-0238,2020-06-05,Organic,2021-06-05,Premium,Annual,,,23.49,2240,14
CUST-0239,2020-06-19,Referral,2020-07-19,Basic,Monthly,2021-01-28,Too Expensive,7.99,225,66
CUST-0240,2020-07-03,Organic,2021-07-03,Standard,Annual,2023-01-15,Switched to Competitor,12.49,870,48
CUST-0241,2020-07-17,Paid,2020-08-16,Basic,Monthly,,,5.99,385,35
CUST-0242,2020-07-31,Referral,2021-07-31,Premium,Annual,2024-02-10,Too Expensive,19.49,1985,36
CUST-0243,2020-08-14,Organic,2020-09-13,Standard,Monthly,,,10.49,450,30
CUST-0244,2020-08-28,Referral,2021-08-28,Standard,Annual,,,11.99,955,22
CUST-0245,2020-09-11,Paid,2020-10-11,Premium,Monthly,2021-06-25,Lack of Content,17.99,600,58
CUST-0246,2020-09-25,Organic,2021-09-25,Premium,Annual,,,22.49,2380,13
CUST-0247,2020-10-09,Referral,2020-11-08,Basic,Monthly,2022-01-05,No Longer Interested,6.49,305,63
CUST-0248,2020-10-23,Organic,2021-10-23,Standard,Annual,2023-06-02,Switched to Competitor,15.49,880,47
CUST-0249,2020-11-06,Paid,2020-12-06,Basic,Monthly,2021-03-18,Forgot to Cancel Trial,7.49,135,75
CUST-0250,2020-11-20,Referral,2021-11-20,Premium,Annual,,,18.99,1715,19
CUST-0251,2020-12-04,Organic,2021-01-03,Standard,Monthly,,,12.99,480,32
CUST-0252,2020-12-18,Paid,2021-12-18,Standard,Annual,,,13.49,920,24
CUST-0253,2021-01-01,Referral,2021-02-01,Premium,Monthly,2021-09-10,Poor Streaming Quality,19.49,570,60
CUST-0254,2021-01-15,Organic,2022-01-15,Premium,Annual,2023-08-27,Too Expensive,21.99,2050,37
CUST-0255,2021-01-29,Referral,,Basic,Monthly,2021-06-14,Payment Issues,5.99,180,70
CUST-0256,2021-02-12,Paid,2022-02-12,Standard,Annual,,,14.49,1005,26
CUST-0257,2021-02-26,Organic,2021-03-28,Standard,Monthly,2022-01-09,Switched to Competitor,11.49,455,31
CUST-0258,2021-03-12,Referral,2022-03-12,Premium,Annual,,,22.49,1830,18
CUST-0259,2021-03-26,Referral,2021-04-25,Basic,Monthly,2021-07-04,Forgot to Cancel Trial,6.49,115,72
CUST-0260,2021-04-09,Paid,2022-04-09,Premium,Annual,2023-10-01,Too Expensive,19.99,1600,40
CUST-0261,2021-04-23,Organic,2021-05-23,Standard,Monthly,,,10.99,470,33
CUST-0262,2021-05-07,Referral,2022-05-07,Standard,Annual,,,15.49,930,24
CUST-0263,2021-05-21,Organic,2021-06-20,Premium,Monthly,2022-02-02,Lack of Content,18.49,585,59
CUST-0264,2021-06-04,Paid,2022-06-04,Premium,Annual,,,21.49,2100,16
CUST-0265,2021-06-18,Referral,2021-07-18,Basic,Monthly,2022-03-01,Too Expensive,8.99,240,67
CUST-0266,2021-07-02,Organic,2022-07-02,Standard,Annual,2023-12-11,Switched to Competitor,13.99,880,47
CUST-0267,2021-07-16,Paid,2021-08-15,Basic,Monthly,,,5.49,370,35
CUST-0268,2021-07-30,Referral,2022-07-30,Premium,Annual,2024-02-22,Moved to Family Plan,19.49,1955,37
CUST-0269,2021-08-13,Organic,2021-09-12,Standard,Monthly,,,10.49,465,30
CUST-0270,2021-08-27,Referral,2022-08-27,Standard,Annual,,,11.99,935,22
CUST-0271,2021-09-10,Paid,2021-10-10,Premium,Monthly,2022-04-23,Too Expensive,17.99,595,58
CUST-0272,2021-09-24,Organic,2022-09-24,Premium,Annual,,,23.99,2415,13
CUST-0273,2021-10-08,Referral,2021-11-07,Basic,Monthly,2023-01-04,No Longer Interested,6.99,300,64
CUST-0274,2021-10-22,Organic,2022-10-22,Standard,Annual,2025-05-15,Switched to Competitor,15.49,870,46
CUST-0275,2021-11-05,Paid,2021-12-05,Basic,Monthly,2022-03-18,Forgot to Cancel Trial,7.49,130,75
CUST-0276,2021-11-19,Referral,2022-11-19,Premium,Annual,,,18.49,1765,19
CUST-0277,2021-12-03,Organic,2022-01-02,Standard,Monthly,,,12.99,480,32
CUST-0278,2021-12-17,Paid,2022-12-17,Standard,Annual,,,13.99,920,24
CUST-0279,2022-01-01,Referral,2022-02-01,Premium,Monthly,2022-09-12,Poor Streaming Quality,19.49,570,60
CUST-0280,2022-01-15,Organic,2023-01-15,Premium,Annual,2024-08-29,Too Expensive,21.99,2075,36
CUST-0281,2022-01-29,Referral,2022-02-28,Basic,Monthly,2022-06-10,Payment Issues,5.99,175,70
CUST-0282,2022-02-12,Paid,2023-02-12,Standard,Annual,,,14.99,1000,27
CUST-0283,2022-02-26,Organic,2022-03-28,Standard,Monthly,2022-12-08,Switched to Competitor,11.49,450,31
CUST-0284,2022-03-12,Referral,2023-03-12,Premium,Annual,,,22.49,1825,18
CUST-0285,2022-03-26,Referral,2022-04-25,Basic,Monthly,2022-07-03,Forgot to Cancel Trial,6.49,110,73
CUST-0286,2022-04-09,Paid,2023-04-09,Premium,Annual,2024-10-02,Too Expensive,19.99,1610,39
CUST-0287,2022-04-23,Organic,2022-05-23,Standard,Monthly,,,10.99,470,33
CUST-0288,2022-05-07,Referral,2023-05-07,Standard,Annual,,,15.49,925,24
CUST-0289,2022-05-21,Organic,2022-06-20,Premium,Monthly,2023-02-01,Lack of Content,18.49,590,59
CUST-0290,2022-06-04,Paid,2023-06-04,Premium,Annual,,,21.49,2095,16
CUST-0291,2022-06-18,Referral,2022-07-18,Basic,Monthly,2023-03-02,Too Expensive,8.99,255,68
CUST-0292,2022-07-02,Organic,2023-07-02,Standard,Annual,2025-01-12,Switched to Competitor,13.99,885,47
CUST-0293,2022-07-16,Paid,2022-08-15,Basic,Monthly,,,5.49,380,35
CUST-0294,2022-07-30,Referral,2023-07-30,Premium,Annual,2024-03-22,Moved to Family Plan,19.49,1950,37
CUST-0295,2022-08-13,Organic,2022-09-12,Standard,Monthly,,,10.49,465,30
CUST-0296,2022-08-27,Referral,2023-08-27,Standard,Annual,,,11.99,940,22
CUST-0297,2022-09-10,Paid,2022-10-10,Premium,Monthly,2023-04-23,Too Expensive,17.99,600,58
CUST-0298,2022-09-24,Organic,2023-09-24,Premium,Annual,,,23.99,2410,13
CUST-0299,2022-10-08,Referral,2022-11-07,Basic,Monthly,2024-01-04,No Longer Interested,6.99,305,64
CUST-0300,2022-10-22,Organic,2023-10-22,Standard,Annual,2025-06-15,Switched to Competitor,15.49,875,46
CUST-0301,2022-11-05,Paid,2022-12-05,Basic,Monthly,2023-03-18,Forgot to Cancel Trial,7.49,135,75
CUST-0302,2022-11-19,Referral,2023-11-19,Premium,Annual,,,18.49,1760,19
CUST-0303,2022-12-03,Organic,2023-01-02,Standard,Monthly,,,12.99,485,32
CUST-0304,2022-12-17,Paid,2023-12-17,Standard,Annual,,,13.99,925,24
CUST-0305,2023-01-01,Referral,2023-02-01,Premium,Monthly,2023-09-12,Poor Streaming Quality,19.49,575,60
CUST-0306,2023-01-15,Organic,2024-01-15,Premium,Annual,2025-08-29,Too Expensive,21.99,2070,36
CUST-0307,2023-01-29,Referral,2023-02-28,Basic,Monthly,2023-06-10,Payment Issues,5.99,180,70
CUST-0308,2023-02-12,Paid,2024-02-12,Standard,Annual,,,14.99,1005,27
CUST-0309,2023-02-26,Organic,2023-03-28,Standard,Monthly,2023-12-08,Switched to Competitor,11.49,455,31
CUST-0310,2023-03-12,Referral,2024-03-12,Premium,Annual,,,22.49,1820,18
CUST-0311,2023-03-26,Referral,2023-04-25,Basic,Monthly,2023-07-03,Forgot to Cancel Trial,6.49,115,73
CUST-0312,2023-04-09,Paid,2024-04-09,Premium,Annual,2025-10-02,Too Expensive,19.99,1605,39
CUST-0313,2023-04-23,Organic,2023-05-23,Standard,Monthly,,,10.99,470,33
CUST-0314,2023-05-07,Referral,2024-05-07,Standard,Annual,,,15.49,930,24
CUST-0315,2023-05-21,Organic,2023-06-20,Premium,Monthly,2024-02-01,Lack of Content,18.49,590,59
CUST-0316,2023-06-04,Paid,2024-06-04,Premium,Annual,,,21.49,2090,16
CUST-0317,2023-06-18,Referral,2023-07-18,Basic,Monthly,2024-03-02,Too Expensive,8.99,255,68
CUST-0318,2023-07-02,Organic,2024-07-02,Standard,Annual,2025-12-12,Switched to Competitor,13.99,885,47
CUST-0319,2023-07-16,Paid,2023-08-15,Basic,Monthly,,,5.49,380,35
CUST-0320,2023-07-30,Referral,2024-07-30,Premium,Annual,2025-03-22,Moved to Family Plan,19.49,1955,37
CUST-0321,2019-01-06,Referral,2019-02-05,Basic,Monthly,2019-06-14,Payment Issues,0.0,95,78
CUST-0322,2019-01-20,Organic,2020-01-20,Standard,Annual,2021-04-25,Switched to Competitor,12.99,860,50
CUST-0323,2019-02-03,Paid,2019-03-05,Premium,Monthly,2019-12-11,Too Expensive,18.49,510,64
CUST-0324,2019-02-17,Referral,2020-02-16,Premium,Annual,,,21.49,1700,20
CUST-0325,2019-03-03,Organic,2019-04-02,Standard,Monthly,2019-09-19,No Longer Interested,10.99,260,66
CUST-0326,2019-03-17,Referral,2020-03-16,Standard,Annual,,,11.49,920,23
CUST-0327,2019-03-31,Paid,2019-04-30,Basic,Monthly,2020-01-07,Payment Issues,6.49,155,71
CUST-0328,2019-04-14,Referral,2020-04-13,Premium,Annual,2022-03-22,Moved to Family Plan,19.99,1890,38
CUST-0329,2019-04-28,Organic,2019-05-28,Standard,Monthly,,,12.49,435,31
CUST-0330,2019-05-12,Referral,2020-05-11,Standard,Annual,,,14.99,975,21
CUST-0331,2019-05-26,Paid,2019-06-25,Premium,Monthly,2020-02-03,Poor Streaming Quality,17.99,540,61
CUST-0332,2019-06-09,Organic,2020-06-08,Premium,Annual,2021-10-19,Too Expensive,22.99,1530,42
CUST-0333,2019-06-23,Referral,2019-07-23,Basic,Monthly,2019-11-01,Forgot to Cancel Trial,7.49,110,73
CUST-0334,2019-07-07,Organic,2020-07-06,Standard,Annual,,,11.99,900,24
CUST-0335,2019-07-21,Paid,2019-08-20,Standard,Monthly,,,10.49,385,33
CUST-0336,2019-08-04,Referral,2020-08-03,Premium,Annual,,,20.49,1745,17
CUST-0337,2019-08-18,Referral,2019-09-17,Basic,Monthly,2020-01-25,Too Expensive,5.99,205,69
CUST-0338,2019-09-01,Organic,2020-09-01,Standard,Annual,2022-02-11,Switched to Competitor,13.49,845,48
CUST-0339,2019-09-15,Paid,2019-10-15,Basic,Monthly,,,6.99,370,34
CUST-0340,2019-09-29,Referral,2020-09-28,Premium,Annual,2021-11-09,Lack of Content,18.99,1610,39
CUST-0341,2019-10-13,Organic,2019-11-12,Standard,Monthly,2020-05-21,No Longer Interested,10.49,275,65
CUST-0342,2019-10-27,Paid,2020-10-26,Premium,Annual,,,23.99,2325,12
CUST-0343,2019-11-10,Referral,2019-12-10,Standard,Monthly,,,11.99,420,30
CUST-0344,2019-11-24,Organic,2020-11-23,Standard,Annual,2021-08-19,Switched to Competitor,15.49,900,49
CUST-0345,2019-12-08,Paid,2020-01-07,Basic,Monthly,2020-03-16,Payment Issues,7.49,150,72
CUST-0346,2019-12-22,Referral,2020-12-21,Premium,Annual,,,21.99,1880,18
CUST-0347,2020-01-05,Organic,2020-02-04,Standard,Monthly,,,12.99,465,29
CUST-0348,2020-01-19,Referral,2021-01-19,Standard,Annual,2022-04-23,Lack of Content,13.99,910,46
CUST-0349,2020-02-02,Paid,2020-03-03,Premium,Monthly,2020-11-12,Too Expensive,19.49,525,59
CUST-0350,2020-02-16,Organic,2021-02-16,Premium,Annual,,,22.49,2110,15
CUST-0351,2020-03-01,Referral,2020-03-31,Basic,Monthly,2020-06-09,No Longer Interested,6.99,210,69
CUST-0352,2020-03-15,Organic,2021-03-15,Standard,Annual,,,11.49,895,23
CUST-0353,2020-03-29,Paid,2020-04-28,Standard,Monthly,2020-12-05,Switched to Competitor,10.99,345,57
CUST-0354,2020-04-12,Referral,2021-04-12,Premium,Annual,2023-02-21,Moved to Family Plan,20.49,1920,37
CUST-0355,2020-04-26,Referral,2020-05-26,Basic,Monthly,2020-08-30,Forgot to Cancel Trial,5.49,120,73
CUST-0356,2020-05-10,Organic,2021-05-10,Standard,Annual,,,14.49,975,21
CUST-0357,2020-05-24,Paid,2020-06-23,Premium,Monthly,2021-02-04,Poor Streaming Quality,18.99,570,61
CUST-0358,2020-06-07,Organic,2021-06-07,Premium,Annual,2023-01-18,Too Expensive,23.49,2235,14
CUST-0359,2020-06-21,Referral,2020-07-21,Basic,Monthly,2021-01-29,Too Expensive,7.49,220,66
CUST-0360,2020-07-05,Organic,2021-07-05,Standard,Annual,2022-12-14,Switched to Competitor,12.49,880,48
CUST-0361,2020-07-19,Paid,2020-08-18,Basic,Monthly,,,5.99,380,35
CUST-0362,2020-08-02,Referral,2021-08-02,Premium,Annual,2024-01-10,Too Expensive,19.99,1975,36
CUST-0363,2020-08-16,Organic,2020-09-15,Standard,Monthly,,,10.49,460,30
CUST-0364,2020-08-30,Referral,2021-08-30,Standard,Annual,,,11.99,930,22
CUST-0365,2020-09-13,Paid,2020-10-13,Premium,Monthly,2021-06-27,Lack of Content,17.49,595,58
CUST-0366,2020-09-27,Organic,2021-09-27,Premium,Annual,,,22.99,2390,13
CUST-0367,2020-10-11,Referral,2020-11-10,Basic,Monthly,2022-01-07,No Longer Interested,6.49,300,64
CUST-0368,2020-10-25,Organic,2021-10-25,Standard,Annual,2023-05-18,Switched to Competitor,15.49,875,46
CUST-0369,2020-11-08,Paid,2020-12-08,Basic,Monthly,2021-03-20,Forgot to Cancel Trial,7.99,130,75
CUST-0370,2020-11-22,Referral,2021-11-22,Premium,Annual,,,18.49,1770,19
CUST-0371,2020-12-06,Organic,2021-01-05,Standard,Monthly,,,12.99,485,32
CUST-0372,2020-12-20,Paid,2021-12-20,Standard,Annual,,,13.49,930,24
CUST-0373,2021-01-03,Referral,2021-02-02,Premium,Monthly,2021-09-15,Poor Streaming Quality,19.49,580,60
CUST-0374,2021-01-17,Organic,2022-01-17,Premium,Annual,2023-08-30,Too Expensive,21.99,2060,37
CUST-0375,2021-01-31,Referral,2021-03-02,Basic,Monthly,2021-06-18,Payment Issues,5.99,185,70
CUST-0376,2021-02-14,Paid,2022-02-14,Standard,Annual,,,14.99,1000,27
CUST-0377,2021-02-28,Organic,2021-03-30,Standard,Monthly,2022-01-10,Switched to Competitor,11.49,460,31
CUST-0378,2021-03-14,Referral,2022-03-14,Premium,Annual,,,22.49,1815,18
CUST-0379,2021-03-28,Referral,2021-04-27,Basic,Monthly,2021-07-05,Forgot to Cancel Trial,6.49,120,73
CUST-0380,2021-04-11,Paid,2022-04-11,Premium,Annual,2023-09-04,Too Expensive,19.99,1615,39
CUST-0381,2021-04-25,Organic,2021-05-25,Standard,Monthly,,,10.99,475,33
CUST-0382,2021-05-09,Referral,2022-05-09,Standard,Annual,,,15.49,920,24
CUST-0383,2021-05-23,Organic,2021-06-22,Premium,Monthly,2022-02-03,Lack of Content,18.49,595,59
CUST-0384,2021-06-06,Paid,2022-06-06,Premium,Annual,,,21.49,2085,16
CUST-0385,2021-06-20,Referral,2021-07-20,Basic,Monthly,2022-03-03,Too Expensive,8.99,250,68
CUST-0386,2021-07-04,Organic,2022-07-04,Standard,Annual,2023-12-13,Switched to Competitor,13.99,890,47
CUST-0387,2021-07-18,Paid,2021-08-17,Basic,Monthly,,,5.49,375,35
CUST-0388,2021-08-01,Referral,2022-08-01,Premium,Annual,2024-02-20,Moved to Family Plan,19.49,1945,37
CUST-0389,2021-08-15,Organic,2021-09-14,Standard,Monthly,,,10.49,470,30
CUST-0390,2021-08-29,Referral,2022-08-29,Standard,Annual,,,11.99,940,22
CUST-0391,2021-09-12,Paid,2021-10-12,Premium,Monthly,2022-04-25,Too Expensive,17.99,600,58
CUST-0392,2021-09-26,Organic,2022-09-26,Premium,Annual,,,23.99,2420,13
CUST-0393,2021-10-10,Referral,2021-11-09,Basic,Monthly,2023-01-06,No Longer Interested,6.99,310,64
CUST-0394,2021-10-24,Organic,2022-10-24,Standard,Annual,2025-05-18,Switched to Competitor,15.49,880,46
CUST-0395,2021-11-07,Paid,2021-12-07,Basic,Monthly,2022-03-20,Forgot to Cancel Trial,7.49,140,75
CUST-0396,2021-11-21,Referral,2022-11-21,Premium,Annual,,,18.49,1775,19
CUST-0397,2021-12-05,Organic,2022-01-04,Standard,Monthly,,,12.99,490,32
CUST-0398,2021-12-19,Paid,2022-12-19,Standard,Annual,,,13.49,935,24
CUST-0399,2022-01-02,Referral,2022-02-01,Premium,Monthly,2022-09-14,Poor Streaming Quality,19.49,585,60
CUST-0400,2022-01-16,Organic,2023-01-16,Premium,Annual,2024-09-01,Too Expensive,21.99,2080,37
CUST-0401,2019-01-04,Referral,2019-02-03,Basic,Monthly,2019-05-12,Payment Issues,6.49,105,77
CUST-0402,2019-01-18,Organic,2020-01-18,Standard,Annual,2021-04-24,Switched to Competitor,12.99,840,49
CUST-0403,2019-02-01,Paid,2019-03-03,Premium,Monthly,2019-11-10,Too Expensive,18.99,515,63
CUST-0404,2019-02-15,Referral,2020-02-14,Premium,Annual,,,21.49,1695,19
CUST-0405,2019-03-01,Organic,2019-04-01,Standard,Monthly,2019-08-16,No Longer Interested,10.49,250,67
CUST-0406,2019-03-15,Referral,2020-03-14,Standard,Annual,,,11.99,935,23
CUST-0407,2019-03-29,Paid,2019-04-28,Basic,Monthly,2020-01-02,Payment Issues,5.49,165,70
CUST-0408,2019-04-12,Referral,2020-04-11,Premium,Annual,2022-02-18,Moved to Family Plan,19.99,1910,38
CUST-0409,2019-04-26,Organic,2019-05-26,Standard,Monthly,,,12.49,445,31
CUST-0410,2019-05-10,Referral,2020-05-09,Standard,Annual,,,14.49,985,21
CUST-0411,2019-05-24,Paid,2019-06-23,Premium,Monthly,2020-03-01,Poor Streaming Quality,17.49,550,60
CUST-0412,2019-06-07,Organic,2020-06-06,Premium,Annual,2021-11-14,Too Expensive,22.49,1550,42
CUST-0413,2019-06-21,Referral,2019-07-21,Basic,Monthly,2019-10-28,Forgot to Cancel Trial,7.99,115,72
CUST-0414,2019-07-05,Organic,2020-07-04,Standard,Annual,,,11.99,910,24
CUST-0415,2019-07-19,Paid,2019-08-18,Standard,Monthly,,,10.99,395,33
CUST-0416,2019-08-02,Referral,2020-08-01,Premium,Annual,,,20.99,1770,17
CUST-0417,2019-08-16,Referral,2019-09-15,Basic,Monthly,2020-02-21,Too Expensive,5.99,215,69
CUST-0418,2019-08-30,Organic,2020-08-29,Standard,Annual,2022-01-08,Switched to Competitor,13.49,855,48
CUST-0419,2019-09-13,Paid,2019-10-13,Basic,Monthly,,,6.99,380,34
CUST-0420,2019-09-27,Referral,2020-09-26,Premium,Annual,2021-12-04,Lack of Content,18.99,1620,39
CUST-0421,2019-10-11,Organic,2019-11-10,Standard,Monthly,2020-06-17,No Longer Interested,10.49,280,65
CUST-0422,2019-10-25,Paid,2020-10-24,Premium,Annual,,,23.49,2310,13
CUST-0423,2019-11-08,Referral,2019-12-08,Standard,Monthly,,,11.49,420,30
CUST-0424,2019-11-22,Organic,2020-11-21,Standard,Annual,2021-09-16,Switched to Competitor,15.99,895,50
CUST-0425,2019-12-06,Paid,2020-01-05,Basic,Monthly,2020-04-13,Payment Issues,7.49,150,71
CUST-0426,2019-12-20,Referral,2020-12-19,Premium,Annual,,,21.99,1885,18
CUST-0427,2020-01-03,Organic,2020-02-02,Standard,Monthly,,,12.99,470,29
CUST-0428,2020-01-17,Referral,2021-01-17,Standard,Annual,2022-05-20,Lack of Content,13.49,920,46
CUST-0429,2020-01-31,Paid,2020-03-01,Premium,Monthly,2020-10-10,Too Expensive,19.99,535,59
CUST-0430,2020-02-14,Organic,2021-02-14,Premium,Annual,,,22.99,2120,15
CUST-0431,2020-02-28,Referral,2020-03-29,Basic,Monthly,2020-07-05,No Longer Interested,6.49,205,69
CUST-0432,2020-03-13,Organic,2021-03-13,Standard,Annual,,,11.49,905,23
CUST-0433,2020-03-27,Paid,2020-04-26,Standard,Monthly,2021-01-01,Switched to Competitor,10.99,350,57
CUST-0434,2020-04-10,Referral,2021-04-10,Premium,Annual,2023-03-18,Moved to Family Plan,20.49,1935,37
CUST-0435,2020-04-24,Referral,2020-05-24,Basic,Monthly,2020-09-02,Forgot to Cancel Trial,5.49,120,73
CUST-0436,2020-05-08,Organic,2021-05-08,Standard,Annual,,,14.99,990,21
CUST-0437,2020-05-22,Paid,2020-06-21,Premium,Monthly,2021-03-04,Poor Streaming Quality,18.49,575,61
CUST-0438,2020-06-05,Organic,2021-06-05,Premium,Annual,,,23.49,2250,14
CUST-0439,2020-06-19,Referral,2020-07-19,Basic,Monthly,2021-01-27,Too Expensive,7.99,230,66
CUST-0440,2020-07-03,Organic,2021-07-03,Standard,Annual,2023-01-14,Switched to Competitor,12.49,875,48
CUST-0441,2020-07-17,Paid,2020-08-16,Basic,Monthly,,,5.99,390,35
CUST-0442,2020-07-31,Referral,2021-07-31,Premium,Annual,2024-02-09,Too Expensive,19.49,1990,36
CUST-0443,2020-08-14,Organic,2020-09-13,Standard,Monthly,,,10.49,455,30
CUST-0444,2020-08-28,Referral,2021-08-28,Standard,Annual,,,11.99,960,22
CUST-0445,2020-09-11,Paid,2020-10-11,Premium,Monthly,2021-06-24,Lack of Content,17.99,600,58
CUST-0446,2020-09-25,Organic,2021-09-25,Premium,Annual,,,22.49,2390,13
CUST-0447,2020-10-09,Referral,2020-11-08,Basic,Monthly,2022-01-04,No Longer Interested,6.99,310,63
CUST-0448,2020-10-23,Organic,2021-10-23,Standard,Annual,2023-06-01,Switched to Competitor,15.49,880,47
CUST-0449,2020-11-06,Paid,2020-12-06,Basic,Monthly,2021-03-17,Forgot to Cancel Trial,7.49,140,75
CUST-0450,2020-11-20,Referral,2021-11-20,Premium,Annual,,,18.99,1720,19
CUST-0451,2020-12-04,Organic,2021-01-03,Standard,Monthly,,,12.99,485,32
CUST-0452,2020-12-18,Paid,2021-12-18,Standard,Annual,,,13.49,935,24
CUST-0453,2021-01-01,Referral,2021-02-01,Premium,Monthly,2021-09-09,Poor Streaming Quality,19.49,580,60
CUST-0454,2021-01-15,Organic,2022-01-15,Premium,Annual,2023-08-26,Too Expensive,21.99,2065,37
CUST-0455,2021-01-29,Referral,2021-03-01,Basic,Monthly,2021-06-13,Payment Issues,5.99,190,70
CUST-0456,2021-02-12,Paid,2022-02-12,Standard,Annual,,,14.49,1010,27
CUST-0457,2021-02-26,Organic,2021-03-28,Standard,Monthly,2022-01-08,Switched to Competitor,11.49,460,31
CUST-0458,2021-03-12,Referral,2022-03-12,Premium,Annual,,,22.49,1825,18
CUST-0459,2021-03-26,Referral,2021-04-25,Basic,Monthly,2021-07-02,Forgot to Cancel Trial,6.49,120,73
CUST-0460,2021-04-09,Paid,2022-04-09,Premium,Annual,2023-10-03,Too Expensive,19.99,1610,39
CUST-0461,2021-04-23,Organic,2021-05-23,Standard,Monthly,,,10.99,475,33
CUST-0462,2021-05-07,Referral,2022-05-07,Standard,Annual,,,15.49,930,24
CUST-0463,2021-05-21,Organic,2021-06-20,Premium,Monthly,2022-02-01,Lack of Content,18.49,600,59
CUST-0464,2021-06-04,Paid,2022-06-04,Premium,Annual,,,21.49,2105,16
CUST-0465,2021-06-18,Referral,2021-07-18,Basic,Monthly,2022-03-01,Too Expensive,8.99,260,68
CUST-0466,2021-07-02,Organic,2022-07-02,Standard,Annual,2023-12-10,Switched to Competitor,13.99,890,47
CUST-0467,2021-07-16,Paid,2021-08-15,Basic,Monthly,,,-10.0,60,82
CUST-0468,2021-07-30,Referral,2022-07-30,Premium,Annual,2024-02-21,Moved to Family Plan,19.49,1960,37
CUST-0469,2021-08-13,Organic,2021-09-12,Standard,Monthly,,,10.49,470,30
CUST-0470,2021-08-27,Referral,2022-08-27,Standard,Annual,,,11.99,945,22
CUST-0471,2021-09-10,Paid,2021-10-10,Premium,Monthly,2022-04-22,Too Expensive,17.99,605,58
CUST-0472,2021-09-24,Organic,2022-09-24,Premium,Annual,,,23.99,2425,13
CUST-0473,2021-10-08,Referral,2021-11-07,Basic,Monthly,2023-01-03,No Longer Interested,6.99,315,64
CUST-0474,2021-10-22,Organic,2022-10-22,Standard,Annual,2025-05-14,Switched to Competitor,15.49,885,46
CUST-0475,2021-11-05,Paid,2021-12-05,Basic,Monthly,2022-03-19,Forgot to Cancel Trial,7.49,145,75
CUST-0476,2021-11-19,Referral,2022-11-19,Premium,Annual,,,18.49,1770,19
CUST-0477,2021-12-03,Organic,2022-01-02,Standard,Monthly,,,12.99,490,32
CUST-0478,2021-12-17,Paid,2022-12-17,Standard,Annual,,,13.99,940,24
CUST-0479,2022-01-01,Referral,2022-02-01,Premium,Monthly,2022-09-11,Poor Streaming Quality,19.49,585,60
CUST-0480,2022-01-15,Organic,2023-01-15,Premium,Annual,2024-08-28,Too Expensive,21.99,2085,37
CUST-0481,2022-01-29,Referral,2022-02-28,Basic,Monthly,2022-06-09,Payment Issues,5.99,185,70
CUST-0482,2022-02-12,Paid,2023-02-12,Standard,Annual,,,14.99,1015,27
CUST-0483,2022-02-26,Organic,2022-03-28,Standard,Monthly,2022-12-07,Switched to Competitor,11.49,460,31
CUST-0484,2022-03-12,Referral,2023-03-12,Premium,Annual,,,22.49,1830,18
CUST-0485,2022-03-26,Referral,2022-04-25,Basic,Monthly,2022-07-02,Forgot to Cancel Trial,6.49,125,73
CUST-0486,2022-04-09,Paid,2023-04-09,Premium,Annual,2024-10-01,Too Expensive,19.99,1615,39
CUST-0487,2022-04-23,Organic,2022-05-23,Standard,Monthly,,,10.99,475,33
CUST-0488,2022-05-07,Referral,2023-05-07,Standard,Annual,,,15.49,935,24
CUST-0489,2022-05-21,Organic,2022-06-20,Premium,Monthly,2023-01-31,Lack of Content,18.49,600,59
CUST-0490,2022-06-04,Paid,2023-06-04,Premium,Annual,,,21.49,2100,16
CUST-0491,2022-06-18,Referral,2022-07-18,Basic,Monthly,2023-03-01,Too Expensive,8.99,265,68
CUST-0492,2022-07-02,Organic,2023-07-02,Standard,Annual,2025-01-11,Switched to Competitor,13.99,890,47
CUST-0493,2022-07-16,Paid,2022-08-15,Basic,Monthly,,,5.49,385,35
CUST-0494,2022-07-30,Referral,2023-07-30,Premium,Annual,2024-03-21,Moved to Family Plan,19.49,1965,37
CUST-0495,2022-08-13,Organic,2022-09-12,Standard,Monthly,,,10.49,470,30
CUST-0496,2022-08-27,Referral,2023-08-27,Standard,Annual,,,11.99,945,22
CUST-0497,2022-09-10,Paid,2022-10-10,Premium,Monthly,2023-04-22,Too Expensive,17.99,610,58
CUST-0498,2022-09-24,Organic,2023-09-24,Premium,Annual,,,23.99,2430,13
CUST-0499,2022-10-08,Referral,2022-11-07,Basic,Monthly,2024-01-03,No Longer Interested,6.99,320,64
CUST-0500,2022-10-22,Organic,2023-10-22,Standard,Annual,2025-06-14,Switched to Competitor,15.49,885,46
CUST-0501,2022-11-05,Paid,2022-12-05,Basic,Monthly,2023-03-17,Forgot to Cancel Trial,7.49,150,75
CUST-0502,2022-11-19,Referral,2023-11-19,Premium,Annual,,,18.49,1775,19
CUST-0503,2022-12-03,Organic,2023-01-02,Standard,Monthly,,,12.99,495,32
CUST-0504,2022-12-17,Paid,2023-12-17,Standard,Annual,,,13.99,945,24
CUST-0505,2023-01-01,Referral,2023-02-01,Premium,Monthly,2023-09-11,Poor Streaming Quality,19.49,590,60
CUST-0506,2023-01-15,Organic,2024-01-15,Premium,Annual,2025-08-28,Too Expensive,21.99,2080,37
CUST-0507,2023-01-29,Referral,2023-02-28,Basic,Monthly,2023-06-09,Payment Issues,5.99,190,70
CUST-0508,2023-02-12,Paid,2024-02-12,Standard,Annual,,,14.99,1010,27
CUST-0509,2023-02-26,Organic,2023-03-28,Standard,Monthly,2023-12-07,Switched to Competitor,11.49,460,31
CUST-0510,2023-03-12,Referral,2024-03-12,Premium,Annual,,,22.49,1825,18
CUST-0511,2023-03-26,Referral,2023-04-25,Basic,Monthly,2023-07-02,Forgot to Cancel Trial,6.49,130,73
CUST-0512,2023-04-09,Paid,2024-04-09,Premium,Annual,2025-10-01,Too Expensive,19.99,1620,39
CUST-0513,2023-04-23,Organic,2023-05-23,Standard,Monthly,,,10.99,480,33
CUST-0514,2023-05-07,Referral,2024-05-07,Standard,Annual,,,15.49,935,24
CUST-0515,2023-05-21,Organic,2023-06-20,Premium,Monthly,2024-01-31,Lack of Content,18.49,605,59
CUST-0516,2023-06-04,Paid,2024-06-04,Premium,Annual,,,21.49,2105,16
CUST-0517,2023-06-18,Referral,2023-07-18,Basic,Monthly,2024-03-01,Too Expensive,8.99,270,68
CUST-0518,2023-07-02,Organic,2024-07-02,Standard,Annual,2025-12-11,Switched to Competitor,13.99,890,47
CUST-0519,2023-07-16,Paid,2023-08-15,Basic,Monthly,,,5.49,390,35
CUST-0520,2023-07-30,Referral,2024-07-30,Premium,Annual,2025-03-21,Moved to Family Plan,19.49,1960,37
CUST-0521,2019-01-09,Referral,2020-01-09,Basic,Annual,2021-03-18,Too Expensive,9.99,425,55
CUST-0522,2019-02-20,Organic,2019-03-22,Standard,Monthly,,,12.49,390,28
CUST-0523,2019-03-04,Paid,2020-03-04,Premium,Annual,2022-01-09,Switched to Competitor,20.99,1490,41
CUST-0524,2019-03-18,Referral,2019-04-17,Basic,Monthly,2020-02-06,No Longer Interested,7.49,220,66
CUST-0525,2019-04-01,Organic,2020-04-01,Standard,Annual,,,11.99,915,22
CUST-0526,2019-04-15,Referral,2019-05-15,Premium,Monthly,2019-12-21,Too Expensive,17.99,545,63
CUST-0527,2019-04-29,Paid,2020-04-28,Premium,Annual,,,23.99,2310,12
CUST-0528,2019-05-13,Organic,2019-06-12,Standard,Monthly,2020-03-19,Lack of Content,10.99,330,59
CUST-0529,2019-05-27,Referral,2020-05-26,Basic,Annual,,,8.99,605,33
CUST-0530,2019-06-10,Paid,2019-07-10,Basic,Monthly,2019-09-20,Forgot to Cancel Trial,6.49,130,72
CUST-0531,2019-06-24,Organic,2020-06-23,Standard,Annual,2021-12-29,Switched to Competitor,13.49,835,48
CUST-0532,2019-07-08,Referral,2019-08-07,Premium,Monthly,2020-02-19,Poor Streaming Quality,18.49,520,61
CUST-0533,2019-07-22,Organic,2020-07-21,Premium,Annual,,,22.49,2110,15
CUST-0534,2019-08-05,Referral,2019-09-04,Basic,Monthly,2020-01-10,Too Expensive,5.99,200,69
CUST-0535,2019-08-19,Paid,2020-08-18,Standard,Annual,,,14.99,965,26
CUST-0536,2019-09-02,Organic,2019-10-02,Standard,Monthly,,,11.49,415,29
CUST-0537,2019-09-16,Referral,2020-09-15,Premium,Annual,2021-11-04,Moved to Family Plan,19.99,1895,38
CUST-0538,2019-09-30,Organic,2019-10-30,Basic,Monthly,2020-06-06,No Longer Interested,7.99,235,64
CUST-0539,2019-10-14,Paid,2020-10-13,Premium,Annual,,,21.49,1760,18
CUST-0540,2019-10-28,Referral,2019-11-27,Standard,Monthly,2020-03-08,Technical Problems,10.49,360,60
CUST-0541,2019-11-11,Organic,2020-11-10,Standard,Annual,,,12.99,900,24
CUST-0542,2019-11-25,Paid,2019-12-25,Basic,Monthly,,,6.49,370,32
CUST-0543,2019-12-09,Referral,2020-12-08,Premium,Annual,2022-04-18,Too Expensive,18.99,1550,40
CUST-0544,2019-12-23,Organic,2020-12-22,Premium,Annual,,,23.49,2450,11
CUST-0545,2020-01-06,Referral,2020-02-05,Basic,Monthly,2020-08-15,Payment Issues,5.99,190,71
CUST-0546,2020-01-20,Organic,2021-01-19,Standard,Annual,,,15.49,1030,23
CUST-0547,2020-02-03,Paid,2020-03-04,Standard,Monthly,,,10.99,450,34
CUST-0548,2020-02-17,Referral,2021-02-17,Premium,Annual,2023-07-29,Switched to Competitor,20.99,1680,42
CUST-0549,2020-03-02,Referral,2020-04-01,Basic,Monthly,2020-05-24,Forgot to Cancel Trial,7.49,125,73
CUST-0550,2020-03-16,Paid,2021-03-16,Premium,Annual,,,22.99,2200,16
CUST-0551,2020-03-30,Organic,2020-04-29,Standard,Monthly,2020-12-08,Lack of Content,11.49,340,57
CUST-0552,2020-04-13,Referral,2021-04-13,Standard,Annual,2022-10-20,Switched to Competitor,13.99,870,45
CUST-0553,2020-04-27,Organic,2020-05-27,Premium,Monthly,2021-01-04,Poor Streaming Quality,19.49,560,62
CUST-0554,2020-05-11,Paid,2021-05-11,Premium,Annual,,,21.99,2070,17
CUST-0555,2020-05-25,Referral,2020-06-24,Basic,Monthly,2021-02-03,Too Expensive,8.49,250,68
CUST-0556,2020-06-08,Organic,2021-06-08,Standard,Annual,,,11.99,905,25
CUST-0557,2020-06-22,Paid,2020-07-22,Basic,Monthly,2020-10-27,Payment Issues,6.49,160,70
CUST-0558,2020-07-06,Referral,2021-07-06,Premium,Annual,2023-03-14,Moved to Family Plan,19.99,1940,37
CUST-0559,2020-07-20,Organic,2020-08-19,Standard,Monthly,,,10.49,465,30
CUST-0560,2020-08-03,Referral,2021-08-03,Standard,Annual,,,14.49,950,22
CUST-0561,2020-08-17,Paid,2020-09-16,Premium,Monthly,2021-04-28,Too Expensive,17.99,600,58
CUST-0562,2020-08-31,Organic,2021-08-31,Premium,Annual,,,23.99,2400,13
CUST-0563,2020-09-14,Referral,2020-10-14,Basic,Monthly,2022-01-08,No Longer Interested,6.99,315,63
CUST-0564,2020-09-28,Organic,2021-09-28,Standard,Annual,2023-05-05,Switched to Competitor,15.99,880,48
CUST-0565,2020-10-12,Paid,2020-11-11,Basic,Monthly,2021-02-22,Forgot to Cancel Trial,7.99,145,74
CUST-0566,2020-10-26,Referral,2021-10-26,Premium,Annual,,,18.49,1790,18
CUST-0567,2020-11-09,Organic,2020-12-09,Standard,Monthly,,,12.99,490,29
CUST-0568,2020-11-23,Referral,2021-11-23,Standard,Annual,,,13.49,920,21
CUST-0569,2020-12-07,Paid,2021-01-06,Premium,Monthly,2021-09-16,Poor Streaming Quality,19.49,565,59
CUST-0570,2020-12-21,Organic,2021-12-21,Premium,Annual,2023-07-02,Too Expensive,21.49,2050,36
CUST-0571,2021-01-04,Referral,2021-02-03,Basic,Monthly,2021-06-18,Payment Issues,5.99,190,69
CUST-0572,2021-01-18,Paid,2022-01-18,Standard,Annual,,,14.99,1005,27
CUST-0573,2021-02-01,Organic,2021-03-03,Standard,Monthly,,,11.49,460,31
CUST-0574,2021-02-15,Referral,2022-02-15,Premium,Annual,,,22.49,1820,19
CUST-0575,2021-03-01,Referral,2021-04-01,Basic,Monthly,2021-05-19,Forgot to Cancel Trial,6.49,115,73
CUST-0576,2021-03-15,Paid,2022-03-15,Premium,Annual,2023-09-02,Too Expensive,19.99,1610,40
CUST-0577,2021-03-29,Organic,2021-04-28,Standard,Monthly,,,10.99,470,33
CUST-0578,2021-04-12,Referral,2022-04-12,Standard,Annual,,,15.49,925,24
CUST-0579,2021-04-26,Organic,2021-05-26,Premium,Monthly,2021-12-07,Lack of Content,18.49,600,60
CUST-0580,2021-05-10,Paid,2022-05-10,Premium,Annual,,,21.99,2100,15
CUST-0581,2021-05-24,Referral,2021-06-23,Basic,Monthly,2022-02-01,Too Expensive,8.99,255,68
CUST-0582,2021-06-07,Organic,2022-06-07,Standard,Annual,2023-12-13,Switched to Competitor,13.99,885,47
CUST-0583,2021-06-21,Paid,2021-07-21,Basic,Monthly,,,5.49,380,35
CUST-0584,2021-07-05,Referral,2022-07-05,Premium,Annual,2024-02-19,Moved to Family Plan,19.49,1950,37
CUST-0585,2021-07-19,Organic,2021-08-18,Standard,Monthly,,,10.49,470,30
CUST-0586,2021-08-02,Referral,2022-08-02,Standard,Annual,,,11.99,940,22
CUST-0587,2021-08-16,Paid,2021-09-15,Premium,Monthly,2022-03-28,Too Expensive,17.99,605,58
CUST-0588,2021-08-30,Organic,2022-08-30,Premium,Annual,,,23.99,2415,13
CUST-0589,2021-09-13,Referral,2021-10-13,Basic,Monthly,2023-01-08,No Longer Interested,6.99,320,64
CUST-0590,2021-09-27,Organic,2022-09-27,Standard,Annual,2025-05-17,Switched to Competitor,15.49,880,46
CUST-0591,2021-10-11,Paid,2021-11-10,Basic,Monthly,2022-02-23,Forgot to Cancel Trial,7.49,150,75
CUST-0592,2021-10-25,Referral,2022-10-25,Premium,Annual,,,18.49,1780,19
CUST-0593,2021-11-08,Organic,2021-12-08,Standard,Monthly,,,12.99,495,32
CUST-0594,2021-11-22,Paid,2022-11-22,Standard,Annual,,,13.99,950,24
CUST-0595,2021-12-06,Referral,2022-01-05,Premium,Monthly,2022-09-17,Poor Streaming Quality,19.49,590,60
CUST-0596,2021-12-20,Organic,2022-12-20,Premium,Annual,2024-07-30,Too Expensive,21.99,2090,37
CUST-0597,2022-01-03,Referral,2022-02-02,Basic,Monthly,2022-06-18,Payment Issues,5.99,195,70
CUST-0598,2022-01-17,Paid,2023-01-17,Standard,Annual,,,14.49,1010,27
CUST-0599,2022-01-31,Organic,2022-03-02,Standard,Monthly,2022-12-10,Switched to Competitor,11.49,465,31
CUST-0600,2022-02-14,Referral,2023-02-14,Premium,Annual,,Other,999.0,2300,85
