customerid,name,country,state,gender,dob,interests,pincode
CUST-0001,Bikash Chowdhury,Bangladesh,Chittagong,Female,1966-06-05,Comedy,1434
CUST-0002,Pooja Ahmed,India,Tamil Nadu,Male,1980-04-06,"Drama, Thriller",2519
CUST-0003,David Chowdhury,Bangladesh,Dhaka,Unknown,1978-02-25,"Sports, Fantasy, Romance",1750
CUST-0004,Prakash Alam,India,Delhi,Female,1980-12-08,Kids,2169
CUST-0005,Rohan Gupta,Bangladesh,Rajshahi,Female,1979-07-20,Thriller,7572
CUST-0006,Tasnia Hossain,Bangladesh,Khulna,Male,1976-11-18,Thriller,8019
CUST-0007,Divya Williams,Bangladesh,Dhaka,Male,1983-12-09,"Comedy, Sci-Fi, Fantasy",5119
CUST-0008,Pooja Rai,Nepal,Lumbini,Male,1985-05-09,Reality TV,9201
CUST-0009,Ravi Akter,Bangladesh,Khulna,Female,1988-10-16,Sports,123
CUST-0010,Priya Alam,Bangladesh,Dhaka,Unknown,1986-04-28,"Drama, Horror, Anime",4470
CUST-0011,Suresh Shrestha,India,West Bengal,Female,1967-11-16,"Action, Sports",1117
CUST-0012,Rakib Patel,Unknown,Unknown,Male,1989-03-10,Reality TV,8744
CUST-0013,Sumaiya Thapa,Bangladesh,Dhaka,Male,1994-04-25,"Comedy, Action, Sci-Fi",2790
CUST-0014,Sumaiya Ahmed,Bangladesh,Chittagong,Female,2003-08-22,"Comedy, Action, Kids",2528
CUST-0015,Ravi Rai,Bangladesh,Chittagong,Male,1976-11-24,"Horror, Sci-Fi",8973
CUST-0016,Rima Ahmed,Bangladesh,Sylhet,Male,2003-04-02,"Drama, Action, Anime",2113
CUST-0017,Gita Rai,Bangladesh,Sylhet,Male,1991-03-08,"Anime, Romance, Horror",4910
CUST-0018,Arif Williams,Bangladesh,Dhaka,Unknown,1974-07-25,"Horror, Drama, Romance",7054
CUST-0019,Shakil Akter,Bangladesh,Sylhet,Female,2004-05-23,Horror,3546
CUST-0020,Tasnia Begum,India,Karnataka,Female,1984-01-01,"Action, Musical",5291
CUST-0021,Sabbir Singh,Bangladesh,Dhaka,Female,2002-06-10,"Sports, Anime",6050
CUST-0022,Sarah Basnet,Nepal,Kathmandu,Male,1983-03-26,"Reality TV, Drama, Thriller",3900
CUST-0023,James Islam,Bangladesh,Rajshahi,Female,1966-09-27,"Thriller, Musical",6000
CUST-0024,Rifat Alam,Bangladesh,Khulna,Male,1995-06-26,"Romance, Action, Comedy",5349
CUST-0025,Karim Chowdhury,India,Karnataka,Female,1973-07-12,"Action, Reality TV",9821
CUST-0026,Gita Singh,Nepal,Unknown,Female,1994-10-04,Reality TV,7691
CUST-0027,John Williams,India,West Bengal,Male,1978-08-19,"Thriller, Sci-Fi",6279
CUST-0028,Sophia Jones,Bangladesh,Chittagong,Female,2001-09-18,Kids,3414
CUST-0029,Fatima Rahman,Bangladesh,Dhaka,Female,1982-03-24,"Sci-Fi, Thriller",2746
CUST-0030,Meena Brown,Bangladesh,Sylhet,Male,1994-12-12,"Anime, Sports, Romance",9270
CUST-0031,Olivia Gurung,Nepal,Lumbini,Female,1999-11-20,"Documentary, Kids, Thriller",123
CUST-0032,Sumaiya Uddin,Bangladesh,Chittagong,Male,1983-04-15,"Anime, Documentary",7883
CUST-0033,David Basnet,India,Tamil Nadu,Unknown,2003-04-14,"Anime, Reality TV",4613
CUST-0034,Anjali Alam,Unknown,Khulna,Female,1988-12-17,Musical,1444
CUST-0035,Sadia Gupta,Bangladesh,Khulna,Male,1982-01-03,"Crime, Fantasy",8705
CUST-0036,Fatima Singh,Bangladesh,Dhaka,Unknown,1992-11-14,Thriller,4571
CUST-0037,Sophia Patel,Bangladesh,Sylhet,Male,1966-02-25,"Sports, Kids",4249
CUST-0038,Rakib Sharma,India,Karnataka,Female,1984-03-20,"Romance, Comedy, Anime",123
CUST-0039,Anjali Chowdhury,Bangladesh,Rajshahi,Female,2001-04-03,"Crime, Documentary, Fantasy",5397
CUST-0040,John Rai,Bangladesh,Rajshahi,Female,1966-04-16,"Fantasy, Romance",5232
CUST-0041,Emily Uddin,Nepal,Lumbini,Male,1986-12-01,"Crime, Thriller, Reality TV",8342
CUST-0042,Fatima Hossain,Bangladesh,Khulna,Female,1989-09-09,"Romance, Reality TV",4777
CUST-0043,Mim Singh,Bangladesh,Chittagong,Female,1999-02-07,"Sports, Horror, Comedy",6912
CUST-0044,Nila Begum,Bangladesh,Dhaka,Female,1998-10-08,Unknown,8843
CUST-0045,Robert Smith,Bangladesh,Rajshahi,Male,1995-10-17,Drama,5978
CUST-0046,Sadia Alam,Bangladesh,Sylhet,Male,1991-05-27,"Horror, Sports",2625
CUST-0047,Ravi Ahmed,India,Maharashtra,Male,1995-12-04,"Documentary, Horror, Action",8438
CUST-0048,Rakib Kumar,Bangladesh,Sylhet,Female,1976-12-01,Unknown,5728
CUST-0049,Robert Chowdhury,Bangladesh,Khulna,Female,1992-01-31,"Action, Comedy",1339
CUST-0050,Ravi Kumar,India,Maharashtra,Male,1991-04-05,"Kids, Fantasy",6700
CUST-0051,James Smith,Bangladesh,Khulna,Male,1989-09-04,Documentary,2899
CUST-0052,Meena Williams,Nepal,Lumbini,Male,1987-05-13,"Documentary, Crime, Action",5719
CUST-0053,Robert Basnet,Unknown,Tamil Nadu,Male,1969-03-08,Fantasy,2924
CUST-0054,Sita Gurung,Bangladesh,Khulna,Unknown,1971-06-28,"Thriller, Sports",2143
CUST-0055,Tasnia Shrestha,India,Tamil Nadu,Male,1991-01-06,"Documentary, Fantasy, Drama",6446
CUST-0056,Pooja Shrestha,Bangladesh,Chittagong,Male,1998-05-29,"Reality TV, Crime",3492
CUST-0057,Anjali Rahman,Bangladesh,Dhaka,Female,1983-05-24,"Drama, Comedy, Documentary",7512
CUST-0058,Sita Hossain,Nepal,Gandaki,Female,1966-08-12,"Comedy, Thriller, Kids",4727
CUST-0059,Sunita Hossain,Bangladesh,Dhaka,Male,2000-09-18,Horror,5000
CUST-0060,Neha Brown,India,Delhi,Male,1985-09-08,"Horror, Documentary, Musical",8622
CUST-0061,Shakil Kumar,Bangladesh,Khulna,Male,1978-07-21,Sci-Fi,7248
CUST-0062,Arjun Johnson,Unknown,Unknown,Female,2005-11-06,"Reality TV, Documentary, Horror",6772
CUST-0063,Rifat Gupta,Bangladesh,Chittagong,Female,1966-07-01,"Romance, Reality TV, Drama",7807
CUST-0064,Nila Ahmed,Bangladesh,Khulna,Male,1978-03-29,"Fantasy, Romance, Crime",3306
CUST-0065,Ravi Alam,Nepal,Gandaki,Male,1985-05-27,"Kids, Reality TV",7086
CUST-0066,Tanvir Kumar,Bangladesh,Sylhet,Male,1985-10-29,"Horror, Kids, Sci-Fi",ABCDE
CUST-0067,Priya Garcia,Bangladesh,Chittagong,Female,1989-03-26,"Sports, Reality TV",2622
CUST-0068,Anjali Verma,Unknown,Khulna,Unknown,1995-10-05,"Anime, Kids",4109
CUST-0069,Mim Rai,India,Unknown,Male,1974-03-17,Fantasy,4538
CUST-0070,Rifat Smith,India,Maharashtra,Female,1966-02-27,Action,6304
CUST-0071,Fatima Akter,Bangladesh,Sylhet,Female,1969-11-22,"Anime, Thriller",Unknown
CUST-0072,Neha Begum,Unknown,Rajshahi,Male,1968-04-19,Romance,123
CUST-0073,Kavita Gupta,India,Tamil Nadu,Female,1970-02-18,"Kids, Crime, Anime",8398
CUST-0074,Rifat Brown,Bangladesh,Dhaka,Female,1995-10-23,"Comedy, Musical",2582
CUST-0075,Sunita Singh,Bangladesh,Sylhet,Male,1983-12-22,"Action, Horror, Sports",9313
CUST-0076,Payel Khan,India,Karnataka,Male,2002-11-30,"Crime, Fantasy, Sports",1430
CUST-0077,Rohan Adhikari,Unknown,Karnataka,Male,1990-05-28,"Sci-Fi, Comedy, Drama",2503
CUST-0078,Sunita Miller,Bangladesh,Chittagong,Male,2004-08-16,Drama,2336
CUST-0079,Tasnia Jones,India,West Bengal,Female,1977-09-15,"Kids, Sports, Documentary",4612
CUST-0080,Laura Verma,Bangladesh,Chittagong,Male,2027-03-17,Drama,9196
CUST-0081,Pooja Gurung,Unknown,Unknown,Unknown,1990-09-21,"Reality TV, Kids",1341
CUST-0082,John Akter,India,Karnataka,Male,1988-07-03,Sci-Fi,4630
CUST-0083,Emily Shrestha,Bangladesh,Sylhet,Male,1993-12-14,Thriller,3842
CUST-0084,Rohan Khan,India,West Bengal,Female,2004-07-26,"Kids, Musical, Sports",6179
CUST-0085,Rima Jones,Bangladesh,Khulna,Male,1967-07-22,Unknown,2479
CUST-0086,Kavita Verma,Bangladesh,Dhaka,Female,1986-05-03,"Drama, Action, Documentary",6626
CUST-0087,Anita Hossain,Unknown,Rajshahi,Female,1977-09-09,"Sci-Fi, Crime",6482
CUST-0088,Rakib Smith,Bangladesh,Sylhet,Female,1978-12-01,"Reality TV, Kids, Sci-Fi",2388
CUST-0089,Priya Davis,Bangladesh,Sylhet,Male,1978-11-09,Thriller,4145
CUST-0090,Rifat Khan,Bangladesh,Dhaka,Female,1981-11-25,Drama,3712
CUST-0091,Deepak Jones,Bangladesh,Chittagong,Female,1975-09-24,"Crime, Musical",7026
CUST-0092,Gita Sharma,Nepal,Gandaki,Female,1976-03-20,Kids,2680
CUST-0093,Anita Rai,Bangladesh,Chittagong,Female,2005-11-04,Fantasy,1436
CUST-0094,James Rahman,Bangladesh,Dhaka,Male,1994-02-26,"Crime, Drama",8740
CUST-0095,Ramesh Gurung,Bangladesh,Unknown,Male,1997-08-16,"Anime, Sci-Fi, Comedy",2996
CUST-0096,Nusrat Alam,Bangladesh,Dhaka,Male,1997-03-26,Horror,4941
CUST-0097,Arjun Brown,Bangladesh,Khulna,Female,1982-07-08,"Action, Kids",1266
CUST-0098,Michael Thapa,Bangladesh,Dhaka,Male,1972-11-08,"Documentary, Reality TV, Musical",2033
CUST-0099,Anita Shrestha,Nepal,Kathmandu,Male,2001-07-30,"Documentary, Horror, Action",6848
CUST-0100,Meena Rahman,Nepal,Gandaki,Female,1973-05-19,"Reality TV, Documentary",5369
CUST-0101,Sadia Singh,Bangladesh,Chittagong,Male,1985-01-01,"Reality TV, Sci-Fi, Drama",1693
CUST-0102,Deepak Rai,Nepal,Unknown,Female,1998-08-22,"Drama, Action, Musical",8179
CUST-0103,Karim Khan,Bangladesh,Sylhet,Female,1999-03-26,Sports,6150
CUST-0104,Sita Uddin,Unknown,Chittagong,Female,1976-09-04,"Documentary, Thriller, Sports",9047
CUST-0105,Imran Chowdhury,Bangladesh,Rajshahi,Unknown,1996-10-30,Anime,3580
CUST-0106,Anita Patel,Nepal,Gandaki,Male,1987-03-01,Romance,3126
CUST-0107,Kavita Basnet,Bangladesh,Rajshahi,Female,1979-03-23,"Comedy, Documentary, Fantasy",3981
CUST-0108,Meena Khan,Bangladesh,Sylhet,Male,1988-04-11,"Fantasy, Comedy",5496
CUST-0109,Hasan Gupta,Bangladesh,Chittagong,Female,1990-04-14,Fantasy,5336
CUST-0110,Sita Ahmed,India,Delhi,Female,1986-08-31,Crime,8430
CUST-0111,Rakib Patel,Bangladesh,Rajshahi,Male,2003-08-12,"Sci-Fi, Drama",2739
CUST-0112,John Alam,Bangladesh,Unknown,Unknown,2003-10-26,Fantasy,6123
CUST-0113,Imran Shrestha,Bangladesh,Unknown,Unknown,1974-08-26,"Romance, Action, Fantasy",8710
CUST-0114,Shakil Davis,Bangladesh,Khulna,Male,1990-03-15,Romance,Unknown
CUST-0115,Robert Shrestha,Bangladesh,Dhaka,Male,1981-05-27,Thriller,1659
CUST-0116,Karim Rahman,Bangladesh,Sylhet,Female,1992-07-02,"Drama, Sci-Fi",5902
CUST-0117,Divya Smith,Bangladesh,Sylhet,Male,1983-09-08,"Horror, Crime, Reality TV",8775
CUST-0118,Arif Gupta,India,Tamil Nadu,Female,1982-01-21,Fantasy,Unknown
CUST-0119,Mim Ahmed,Bangladesh,Rajshahi,Female,1998-01-03,"Action, Reality TV, Drama",8837
CUST-0120,Neha Williams,Bangladesh,Sylhet,Female,2001-01-19,"Horror, Sports, Documentary",5890
CUST-0121,Rifat Begum,India,West Bengal,Female,1970-06-20,"Kids, Anime, Sci-Fi",6654
CUST-0122,Meena Thapa,Bangladesh,Dhaka,Female,1974-01-24,"Horror, Anime, Reality TV",4920
CUST-0123,Sumaiya Rahman,India,Delhi,Female,1971-03-03,Anime,8793
CUST-0124,Rahul Gupta,Bangladesh,Dhaka,Male,1966-09-04,Sci-Fi,1595
CUST-0125,Laura Thapa,Bangladesh,Dhaka,Male,1993-10-08,"Anime, Documentary, Drama",4159
CUST-0126,Mim Smith,Bangladesh,Chittagong,Female,1973-08-31,Sports,8007
CUST-0127,Vikram Smith,Bangladesh,Chittagong,Male,1985-01-15,"Romance, Horror",5285
CUST-0128,Sita Johnson,India,West Bengal,Female,1995-12-19,Kids,4618
CUST-0129,Rifat Khan,Bangladesh,Sylhet,Female,2000-12-22,"Fantasy, Thriller, Crime",2341
CUST-0130,Neha Jones,Unknown,Unknown,Female,1989-01-27,Drama,2904
CUST-0131,Gita Ahmed,India,Tamil Nadu,Male,1990-04-19,Anime,1356
CUST-0132,Laura Uddin,India,Delhi,Male,1968-02-05,"Action, Horror",7887
CUST-0133,Sarah Basnet,Bangladesh,Sylhet,Male,1982-08-19,"Drama, Reality TV, Thriller",5888
CUST-0134,Sophia Kumar,India,Maharashtra,Male,1997-07-10,Action,1256
CUST-0135,Sumaiya Ahmed,Unknown,Sylhet,Male,1974-09-30,Drama,6224
CUST-0136,Arjun Verma,India,Maharashtra,Male,2004-06-18,"Musical, Drama, Kids",1768
CUST-0137,Michael Gupta,India,West Bengal,Male,2003-02-06,Horror,8586
CUST-0138,Nusrat Davis,Bangladesh,Chittagong,Male,1985-03-06,"Comedy, Anime",5398
CUST-0139,David Kumar,India,Maharashtra,Female,2005-10-10,Thriller,2922
CUST-0140,Sunita Shrestha,Bangladesh,Chittagong,Female,1988-12-09,"Romance, Horror, Fantasy",8635
CUST-0141,Tanvir Thapa,Nepal,Gandaki,Male,1998-04-02,Action,7841
CUST-0142,Shakil Khan,Bangladesh,Chittagong,Unknown,2001-11-08,"Reality TV, Kids",6770
CUST-0143,Sabbir Khan,India,Tamil Nadu,Female,1994-12-23,Unknown,4791
CUST-0144,Rakib Patel,Bangladesh,Khulna,Female,1994-07-29,"Action, Musical",1274
CUST-0145,Neha Singh,Unknown,Rajshahi,Male,1992-10-20,"Horror, Fantasy, Romance",7112
CUST-0146,Laura Jones,India,Delhi,Male,1993-07-25,Reality TV,8109
CUST-0147,Sita Thapa,Bangladesh,Dhaka,Female,1967-02-02,Kids,1539
CUST-0148,Nila Adhikari,Nepal,Lumbini,Female,1978-06-05,Sports,7375
CUST-0149,Gita Basnet,Bangladesh,Chittagong,Unknown,1975-06-01,Romance,7499
CUST-0150,Meena Smith,Bangladesh,Rajshahi,Female,1995-06-29,"Kids, Sci-Fi, Comedy",5037
CUST-0151,Anita Hossain,Bangladesh,Chittagong,Male,1984-12-13,"Crime, Horror",8061
CUST-0152,Robert Davis,India,Delhi,Female,1965-07-22,"Sci-Fi, Musical",4977
CUST-0153,Arjun Miller,Bangladesh,Khulna,Male,1983-11-22,Unknown,5040
CUST-0154,Deepak Gupta,Bangladesh,Dhaka,Unknown,1982-01-16,"Documentary, Romance",3230
CUST-0155,Priya Smith,India,Maharashtra,Male,1990-11-01,Romance,7437
CUST-0156,Sarah Chowdhury,Nepal,Lumbini,Female,1996-10-10,Documentary,2133
CUST-0157,James Kumar,Bangladesh,Chittagong,Male,1982-12-24,"Anime, Fantasy, Reality TV",123
CUST-0158,Ramesh Basnet,India,Maharashtra,Female,1995-05-23,"Sci-Fi, Crime, Romance",1172
CUST-0159,Tanvir Uddin,Bangladesh,Sylhet,Male,1987-06-14,Romance,5840
CUST-0160,James Adhikari,Nepal,Lumbini,Male,1980-08-16,"Comedy, Documentary",2100
CUST-0161,Priya Rahman,Unknown,Karnataka,Male,1972-10-29,"Drama, Romance, Anime",7636
CUST-0162,Bikash Akter,Bangladesh,Sylhet,Male,1974-03-26,"Crime, Reality TV",ABCDE
CUST-0163,Suresh Akter,Bangladesh,Khulna,Female,1982-08-11,"Comedy, Romance, Fantasy",5873
CUST-0164,Kavita Sharma,Bangladesh,Chittagong,Male,1983-10-06,"Drama, Sports, Sci-Fi",9804
CUST-0165,Ramesh Adhikari,India,West Bengal,Male,2003-10-29,"Action, Documentary",9281
CUST-0166,Sita Garcia,Bangladesh,Rajshahi,Female,1977-05-01,Anime,9115
CUST-0167,Pooja Miller,Bangladesh,Sylhet,Female,1974-10-21,"Comedy, Reality TV",5877
CUST-0168,Karim Jones,Bangladesh,Dhaka,Female,1996-11-18,"Kids, Sci-Fi, Drama",4390
CUST-0169,Nusrat Sharma,Bangladesh,Chittagong,Male,2003-06-28,"Musical, Kids, Comedy",7743
CUST-0170,Nusrat Uddin,Nepal,Kathmandu,Male,1995-05-03,"Documentary, Drama",7786
CUST-0171,David Jones,Bangladesh,Khulna,Female,2026-04-06,"Documentary, Kids, Fantasy",9756
CUST-0172,Laura Ahmed,Nepal,Gandaki,Female,2000-05-12,"Musical, Kids",Unknown
CUST-0173,Sophia Islam,Bangladesh,Dhaka,Female,1978-07-17,Fantasy,6905
CUST-0174,Arif Hossain,Unknown,Khulna,Male,2027-05-04,Drama,8291
CUST-0175,Ahmed Islam,India,West Bengal,Male,1969-08-06,Romance,7270
CUST-0176,Meena Gurung,India,Maharashtra,Male,1980-10-02,"Thriller, Kids, Reality TV",8248
CUST-0177,Payel Hossain,Nepal,Lumbini,Male,1993-12-01,Thriller,5668
CUST-0178,Meena Patel,Bangladesh,Sylhet,Male,2000-08-10,Documentary,2163
CUST-0179,Neha Basnet,Nepal,Bagmati,Female,1972-10-01,Unknown,123
CUST-0180,Payel Rahman,Nepal,Lumbini,Male,1992-08-20,Horror,ABCDE
CUST-0181,Rima Davis,Bangladesh,Dhaka,Female,1968-11-13,"Comedy, Documentary",Unknown
CUST-0182,Sunita Kumar,Unknown,Maharashtra,Unknown,1970-09-11,"Crime, Fantasy, Horror",1480
CUST-0183,Emily Thapa,Unknown,Sylhet,Female,1990-06-06,Romance,2889
CUST-0184,Rifat Singh,Bangladesh,Unknown,Male,2003-06-20,Anime,7870
CUST-0185,Rifat Smith,Bangladesh,Dhaka,Female,2001-01-30,"Action, Sci-Fi, Comedy",6090
CUST-0186,John Hossain,India,Karnataka,Male,1987-02-18,Reality TV,5016
CUST-0187,Rima Islam,Nepal,Gandaki,Male,1998-02-09,"Horror, Comedy, Thriller",9061
CUST-0188,Nusrat Khan,Unknown,Maharashtra,Male,1969-04-15,Unknown,8126
CUST-0189,Prakash Khan,Bangladesh,Rajshahi,Male,1971-02-09,"Comedy, Drama, Musical",7660
CUST-0190,Mim Davis,Bangladesh,Rajshahi,Male,1996-08-11,"Sports, Action, Thriller",2494
CUST-0191,Anita Alam,Nepal,Lumbini,Unknown,2003-05-03,"Anime, Reality TV",2669
CUST-0192,Hasan Chowdhury,Bangladesh,Rajshahi,Unknown,1976-08-11,Action,8265
CUST-0193,Hasan Hossain,Nepal,Gandaki,Female,1966-04-29,"Kids, Sci-Fi",4066
CUST-0194,Tasnia Uddin,Unknown,Sylhet,Female,1968-12-08,"Sci-Fi, Drama",9614
CUST-0195,Sumaiya Gupta,Nepal,Gandaki,Female,1987-07-16,"Sci-Fi, Horror",4588
CUST-0196,Fatima Basnet,Unknown,West Bengal,Unknown,1994-06-20,Horror,1916
CUST-0197,Ravi Alam,India,Maharashtra,Male,2005-12-31,"Action, Reality TV, Fantasy",3328
CUST-0198,Arjun Ahmed,India,Unknown,Male,1988-08-13,"Action, Romance",3137
CUST-0199,Emily Patel,Unknown,Chittagong,Female,1981-10-04,"Kids, Sci-Fi, Sports",3235
CUST-0200,Sabbir Singh,Nepal,Lumbini,Unknown,1991-06-03,Sci-Fi,3086
CUST-0201,Nila Singh,Bangladesh,Sylhet,Male,1990-05-15,Musical,2274
CUST-0202,Sumaiya Johnson,Nepal,Bagmati,Male,1980-09-21,"Crime, Comedy",123
CUST-0203,Deepak Brown,Nepal,Gandaki,Male,1990-12-06,"Crime, Kids, Thriller",ABCDE
CUST-0204,Shakil Islam,Unknown,Chittagong,Male,1992-07-11,"Reality TV, Action",8113
CUST-0205,Sabbir Rahman,Bangladesh,Rajshahi,Male,1990-08-25,Unknown,ABCDE
CUST-0206,Shakil Gurung,India,Delhi,Male,1970-03-08,"Crime, Sci-Fi",5341
CUST-0207,Sadia Gupta,Bangladesh,Rajshahi,Male,1975-02-24,"Sports, Action",2584
CUST-0208,Sadia Kumar,Bangladesh,Sylhet,Female,1989-01-08,"Fantasy, Documentary, Sports",2293
CUST-0209,Laura Basnet,Nepal,Lumbini,Female,1972-07-01,Crime,ABCDE
CUST-0210,Gita Brown,Bangladesh,Khulna,Female,1989-12-16,"Anime, Romance",1202
CUST-0211,Ramesh Verma,India,Maharashtra,Female,1990-03-30,Crime,6633
CUST-0212,James Uddin,Bangladesh,Rajshahi,Male,1996-02-12,"Action, Sci-Fi",4892
CUST-0213,Nusrat Singh,Bangladesh,Dhaka,Male,2003-07-02,"Kids, Comedy, Thriller",8259
CUST-0214,Meena Gurung,Bangladesh,Dhaka,Female,1999-01-26,"Fantasy, Romance, Action",6097
CUST-0215,Anita Miller,Bangladesh,Dhaka,Female,1985-06-23,Musical,7035
CUST-0216,Sophia Miller,Bangladesh,Chittagong,Male,1980-09-09,"Drama, Fantasy",2480
CUST-0217,Shakil Islam,Bangladesh,Chittagong,Female,1988-01-10,Fantasy,1145
CUST-0218,Rahul Adhikari,Bangladesh,Dhaka,Female,1996-10-27,"Horror, Sci-Fi, Fantasy",4575
CUST-0219,Sophia Begum,India,Delhi,Female,1969-11-07,"Comedy, Romance",5536
CUST-0220,Arif Gupta,India,Tamil Nadu,Female,1979-05-04,"Drama, Reality TV, Action",5250
CUST-0221,James Williams,Bangladesh,Sylhet,Female,2000-03-17,"Musical, Kids",3785
CUST-0222,Prakash Basnet,India,Maharashtra,Female,2005-05-09,"Kids, Comedy",6031
CUST-0223,James Thapa,Nepal,Gandaki,Female,1992-11-03,Documentary,7253
CUST-0224,Neha Begum,Bangladesh,Chittagong,Female,2003-09-08,"Drama, Crime, Comedy",3897
CUST-0225,John Gupta,Bangladesh,Chittagong,Female,1984-06-15,"Sci-Fi, Musical, Fantasy",1618
CUST-0226,Suresh Ahmed,India,Unknown,Male,1996-02-10,"Horror, Drama",6015
CUST-0227,Sabbir Hossain,India,West Bengal,Female,2005-06-08,"Romance, Crime",7609
CUST-0228,Fatima Alam,Bangladesh,Dhaka,Female,1993-09-22,"Crime, Anime",1785
CUST-0229,Prakash Chowdhury,Unknown,Delhi,Male,1971-11-14,Reality TV,123
CUST-0230,Prakash Chowdhury,India,Maharashtra,Male,1977-09-06,Crime,4272
CUST-0231,Meena Uddin,India,West Bengal,Female,1986-07-25,Unknown,2809
CUST-0232,Arjun Kumar,Bangladesh,Dhaka,Female,1978-04-13,"Documentary, Action",1646
CUST-0233,Shakil Johnson,India,Delhi,Female,1994-10-04,"Drama, Romance, Fantasy",5395
CUST-0234,Deepak Hossain,Bangladesh,Rajshahi,Male,1986-06-15,"Kids, Crime",1960
CUST-0235,Sabbir Chowdhury,Bangladesh,Sylhet,Male,2003-09-11,"Musical, Fantasy, Reality TV",8997
CUST-0236,Mim Basnet,Unknown,Khulna,Female,1990-05-07,Kids,2560
CUST-0237,Olivia Kumar,India,West Bengal,Female,1993-11-11,Anime,3709
CUST-0238,Rakib Shrestha,Bangladesh,Khulna,Female,1975-07-18,Documentary,2442
CUST-0239,Anjali Jones,Bangladesh,Dhaka,Male,2026-04-04,"Sports, Kids, Horror",8474
CUST-0240,Emily Johnson,India,Karnataka,Male,1999-01-23,"Thriller, Action, Romance",5783
CUST-0241,Pooja Miller,Unknown,Chittagong,Female,1976-05-29,"Thriller, Musical, Comedy",8488
CUST-0242,Imran Patel,Unknown,Sylhet,Male,1987-08-14,Unknown,8091
CUST-0243,Divya Garcia,Nepal,Kathmandu,Female,1987-08-13,"Sci-Fi, Sports",5482
CUST-0244,Laura Smith,Nepal,Bagmati,Female,1996-06-20,"Fantasy, Romance, Reality TV",4560
CUST-0245,Imran Ahmed,India,Maharashtra,Female,1999-02-16,"Anime, Documentary",7839
CUST-0246,Gita Singh,Nepal,Gandaki,Male,1967-07-17,Horror,5695
CUST-0247,Gita Uddin,Bangladesh,Khulna,Male,2003-12-09,"Reality TV, Anime, Thriller",4892
CUST-0248,Vikram Thapa,India,Delhi,Unknown,1967-06-01,Reality TV,8259
CUST-0249,Rifat Adhikari,India,Tamil Nadu,Unknown,1995-08-16,Drama,2955
CUST-0250,David Rahman,Bangladesh,Unknown,Female,1979-06-22,"Action, Crime, Kids",9037
CUST-0251,Arjun Davis,Bangladesh,Chittagong,Male,1969-02-15,"Thriller, Musical",5809
CUST-0252,Payel Shrestha,India,Delhi,Male,1992-11-11,Action,2857
CUST-0253,David Uddin,Unknown,Sylhet,Female,2005-04-18,"Thriller, Romance, Anime",9814
CUST-0254,Suresh Islam,India,Maharashtra,Male,1998-04-04,"Kids, Fantasy",3519
CUST-0255,Fatima Jones,India,Delhi,Female,2005-11-12,"Sci-Fi, Musical",6183
CUST-0256,Fatima Williams,India,Tamil Nadu,Female,1981-01-17,"Comedy, Horror, Crime",5612
CUST-0257,Ravi Adhikari,Bangladesh,Dhaka,Male,2000-10-09,"Horror, Kids, Drama",7113
CUST-0258,Ahmed Davis,Nepal,Bagmati,Unknown,1998-04-05,"Romance, Thriller, Sci-Fi",3333
CUST-0259,Sabbir Akter,Bangladesh,Chittagong,Unknown,1968-04-13,"Kids, Comedy",8982
CUST-0260,Emily Johnson,Bangladesh,Sylhet,Male,1994-07-31,"Reality TV, Sports",6182
CUST-0261,Olivia Akter,Bangladesh,Rajshahi,Male,1986-07-13,"Documentary, Romance",2783
CUST-0262,Nila Gupta,India,Maharashtra,Female,2005-01-07,Fantasy,Unknown
CUST-0263,Divya Williams,India,Tamil Nadu,Unknown,1971-09-02,"Sci-Fi, Thriller",5767
CUST-0264,Hasan Jones,Bangladesh,Sylhet,Female,1998-12-20,"Drama, Documentary, Musical",3395
CUST-0265,Sunita Singh,Unknown,Unknown,Male,1988-03-26,"Sci-Fi, Documentary",1653
CUST-0266,Sita Smith,Bangladesh,Khulna,Female,1981-05-22,"Kids, Fantasy, Comedy",4651
CUST-0267,Neha Williams,Bangladesh,Rajshahi,Male,1988-01-31,"Horror, Thriller, Drama",2938
CUST-0268,Prakash Alam,Bangladesh,Rajshahi,Female,1966-01-03,Action,3207
CUST-0269,Bikash Miller,Bangladesh,Chittagong,Female,1990-04-14,"Action, Reality TV, Fantasy",2404
CUST-0270,Payel Jones,India,Maharashtra,Female,1973-02-27,"Kids, Anime, Horror",8429
CUST-0271,Rohan Sharma,Bangladesh,Dhaka,Female,2002-01-28,Sports,1639
CUST-0272,Suresh Miller,India,Maharashtra,Female,1983-11-15,"Fantasy, Action",8899
CUST-0273,Meena Williams,Bangladesh,Chittagong,Male,2004-04-30,Unknown,1116
CUST-0274,Arjun Miller,Bangladesh,Chittagong,Male,1976-05-18,"Fantasy, Anime",5514
CUST-0275,Gita Williams,India,Tamil Nadu,Female,1978-10-04,"Romance, Crime, Reality TV",2951
CUST-0276,Sunita Alam,Bangladesh,Sylhet,Female,1996-09-15,Drama,2492
CUST-0277,Rima Garcia,Nepal,Gandaki,Female,1982-12-22,"Kids, Anime, Horror",3871
CUST-0278,Bikash Garcia,Bangladesh,Sylhet,Female,1975-05-24,"Drama, Kids, Action",3579
CUST-0279,Sadia Uddin,India,West Bengal,Female,1989-08-27,"Reality TV, Fantasy",6693
CUST-0280,Tasnia Alam,India,West Bengal,Male,1987-07-28,"Romance, Comedy",9813
CUST-0281,Arjun Uddin,India,Maharashtra,Male,2003-09-02,Documentary,Unknown
CUST-0282,Rifat Kumar,India,Karnataka,Male,1995-03-22,"Fantasy, Romance, Comedy",6142
CUST-0283,Michael Ahmed,Nepal,Lumbini,Male,1976-11-27,Thriller,6833
CUST-0284,Rima Shrestha,Bangladesh,Rajshahi,Female,1981-08-26,"Romance, Documentary, Sports",9374
CUST-0285,Tasnia Williams,Bangladesh,Sylhet,Female,2003-08-06,"Crime, Drama, Documentary",8537
CUST-0286,John Patel,Bangladesh,Dhaka,Female,1975-08-22,"Documentary, Sports",7945
CUST-0287,Payel Brown,India,West Bengal,Female,2001-07-10,Reality TV,8081
CUST-0288,David Ahmed,Bangladesh,Dhaka,Male,1997-04-28,"Crime, Documentary",1781
CUST-0289,Laura Chowdhury,India,Karnataka,Male,1981-03-12,"Anime, Musical",1324
CUST-0290,James Chowdhury,Bangladesh,Sylhet,Male,1986-11-14,"Documentary, Comedy, Sci-Fi",3373
CUST-0291,Sabbir Gupta,India,Tamil Nadu,Male,1979-01-24,"Kids, Horror",7479
CUST-0292,Tasnia Basnet,Bangladesh,Sylhet,Male,1975-07-12,"Horror, Reality TV, Fantasy",7505
CUST-0293,Tanvir Chowdhury,Bangladesh,Dhaka,Unknown,1971-12-20,Kids,4757
CUST-0294,Sumaiya Singh,Bangladesh,Unknown,Male,1985-12-16,"Musical, Horror, Anime",9835
CUST-0295,Nila Sharma,India,Tamil Nadu,Female,1984-10-27,"Romance, Sci-Fi",1001
CUST-0296,Neha Gurung,India,West Bengal,Female,1999-05-11,"Crime, Horror",9981
CUST-0297,Sarah Ahmed,Bangladesh,Chittagong,Female,1968-07-21,"Kids, Thriller",5454
CUST-0298,Shakil Gupta,India,Delhi,Male,1977-03-17,"Sports, Documentary, Thriller",9764
CUST-0299,Fatima Akter,Nepal,Lumbini,Male,2026-08-11,"Sci-Fi, Horror",7084
CUST-0300,Sophia Patel,India,Maharashtra,Male,1973-08-15,"Fantasy, Sci-Fi",5078
CUST-0301,David Shrestha,Nepal,Kathmandu,Female,1974-05-09,"Sci-Fi, Kids",3598
CUST-0302,Bikash Singh,Bangladesh,Khulna,Male,1974-10-09,Thriller,3742
CUST-0303,Tasnia Sharma,Unknown,Dhaka,Male,1987-06-05,Kids,1983
CUST-0304,Nusrat Johnson,India,Maharashtra,Female,1984-09-05,"Thriller, Action, Reality TV",5107
CUST-0305,Karim Garcia,India,West Bengal,Female,1977-05-08,"Musical, Fantasy, Anime",8362
CUST-0306,Shakil Gurung,Bangladesh,Sylhet,Female,1999-10-24,Unknown,7348
CUST-0307,Imran Miller,India,Karnataka,Male,1966-12-19,Drama,8952
CUST-0308,Imran Chowdhury,Bangladesh,Unknown,Male,1974-05-13,"Documentary, Fantasy, Comedy",6913
CUST-0309,Pooja Singh,Nepal,Lumbini,Male,2002-06-07,"Comedy, Thriller",4784
CUST-0310,Suresh Williams,Bangladesh,Sylhet,Female,1993-08-25,"Romance, Kids, Documentary",2705
CUST-0311,Sabbir Thapa,Bangladesh,Chittagong,Female,1979-07-26,"Sci-Fi, Crime",6299
CUST-0312,Rohan Alam,India,Tamil Nadu,Male,2026-02-05,"Sports, Action",5945
CUST-0313,Ahmed Begum,Nepal,Bagmati,Female,1971-12-10,Action,5341
CUST-0314,Sarah Basnet,India,Karnataka,Female,1997-06-17,"Crime, Documentary",2562
CUST-0315,Rohan Gupta,Bangladesh,Dhaka,Female,1970-05-29,Reality TV,1187
CUST-0316,Bikash Shrestha,India,Delhi,Male,1971-11-15,Kids,8300
CUST-0317,Ravi Verma,India,Karnataka,Male,1967-03-19,"Sci-Fi, Horror, Comedy",3136
CUST-0318,Ravi Khan,Bangladesh,Sylhet,Unknown,1976-12-11,"Romance, Kids",7776
CUST-0319,Olivia Johnson,Bangladesh,Dhaka,Male,1984-10-04,Musical,7124
CUST-0320,Rima Shrestha,India,Delhi,Unknown,2027-12-12,Horror,ABCDE
CUST-0321,Sunita Davis,Bangladesh,Khulna,Unknown,2005-08-23,"Anime, Action, Horror",5444
CUST-0322,Nusrat Jones,Unknown,Karnataka,Male,1982-01-29,"Reality TV, Comedy, Romance",2442
CUST-0323,Nila Ahmed,Bangladesh,Dhaka,Female,1998-05-24,Action,5953
CUST-0324,Sumaiya Miller,Bangladesh,Rajshahi,Unknown,2005-03-31,"Kids, Drama",4726
CUST-0325,James Alam,India,Tamil Nadu,Male,1989-04-14,"Crime, Thriller, Drama",9582
CUST-0326,Hasan Brown,Nepal,Lumbini,Female,1979-04-01,Unknown,7783
CUST-0327,James Begum,Bangladesh,Chittagong,Male,1992-03-02,"Sports, Thriller, Musical",6886
CUST-0328,Sadia Patel,India,Tamil Nadu,Male,1971-03-04,Thriller,1245
CUST-0329,Tasnia Brown,Bangladesh,Dhaka,Unknown,2003-11-19,"Musical, Thriller",7232
CUST-0330,Deepak Smith,Bangladesh,Sylhet,Male,1976-01-09,Unknown,1807
CUST-0331,Imran Begum,Bangladesh,Khulna,Male,2005-07-15,Documentary,9202
CUST-0332,Mim Akter,India,Unknown,Male,2004-08-03,"Comedy, Horror",3686
CUST-0333,Anita Singh,Bangladesh,Khulna,Male,1972-03-04,Unknown,6491
CUST-0334,Arjun Rai,India,Maharashtra,Male,1999-06-25,"Horror, Kids",4323
CUST-0335,Ahmed Verma,India,West Bengal,Female,1986-05-05,Unknown,5009
CUST-0336,Pooja Uddin,Unknown,Maharashtra,Male,2002-08-05,Unknown,3920
CUST-0337,Sabbir Kumar,Bangladesh,Sylhet,Female,1969-03-06,"Romance, Musical",8001
CUST-0338,Pooja Hossain,Bangladesh,Khulna,Female,1967-08-12,Sports,2436
CUST-0339,Rahul Singh,India,Karnataka,Unknown,1992-07-22,"Documentary, Anime, Reality TV",3947
CUST-0340,Kavita Alam,Unknown,Delhi,Male,1983-08-08,"Action, Romance",4478
CUST-0341,Ahmed Gupta,Bangladesh,Dhaka,Female,1979-12-14,"Sci-Fi, Reality TV",3877
CUST-0342,Imran Smith,India,Delhi,Female,1985-09-30,Unknown,6169
CUST-0343,Pooja Davis,Bangladesh,Khulna,Male,1981-10-31,"Anime, Fantasy, Drama",2914
CUST-0344,Ravi Begum,India,Karnataka,Female,1978-07-30,Anime,1612
CUST-0345,Meena Ahmed,Nepal,Gandaki,Unknown,1971-06-06,Fantasy,3174
CUST-0346,Payel Singh,Bangladesh,Unknown,Unknown,2004-11-20,Comedy,6119
CUST-0347,Fatima Sharma,India,Maharashtra,Male,1977-03-26,Drama,Unknown
CUST-0348,Pooja Miller,Bangladesh,Khulna,Female,1972-09-07,Horror,8268
CUST-0349,Nusrat Khan,Bangladesh,Dhaka,Male,1993-03-28,"Reality TV, Documentary, Sports",4246
CUST-0350,Anita Shrestha,India,West Bengal,Female,1985-06-09,"Kids, Musical",4796
CUST-0351,Rifat Khan,Nepal,Gandaki,Female,2004-08-01,Unknown,6758
CUST-0352,Rahul Jones,India,Tamil Nadu,Male,1979-08-15,"Kids, Comedy, Crime",7773
CUST-0353,Sumaiya Verma,Bangladesh,Rajshahi,Female,1984-07-12,"Crime, Romance, Anime",2276
CUST-0354,Sunita Adhikari,India,Tamil Nadu,Male,1983-03-16,Sports,7208
CUST-0355,John Garcia,India,Maharashtra,Female,1982-06-30,"Sports, Documentary, Thriller",5910
CUST-0356,Arjun Thapa,Nepal,Gandaki,Female,1983-02-18,Fantasy,9992
CUST-0357,Nusrat Islam,India,Karnataka,Female,1996-12-05,"Sci-Fi, Musical",3841
CUST-0358,Rahul Khan,Bangladesh,Khulna,Unknown,1968-03-21,"Action, Drama, Reality TV",3224
CUST-0359,Sadia Khan,India,Tamil Nadu,Male,1985-03-10,"Romance, Thriller",9161
CUST-0360,Deepak Alam,India,Unknown,Male,1970-01-29,"Documentary, Reality TV, Comedy",5578
CUST-0361,Sophia Miller,Bangladesh,Rajshahi,Female,1967-05-15,Unknown,8687
CUST-0362,Arjun Singh,Bangladesh,Khulna,Female,1997-08-11,"Horror, Action, Kids",1845
CUST-0363,Prakash Begum,India,Delhi,Female,1992-08-16,"Horror, Fantasy",3860
CUST-0364,Divya Singh,Bangladesh,Chittagong,Male,2003-09-02,Romance,3525
CUST-0365,Anjali Shrestha,Nepal,Gandaki,Female,1976-11-10,Action,5937
CUST-0366,Rahul Singh,Nepal,Lumbini,Male,2027-04-05,"Kids, Romance",1672
CUST-0367,Tanvir Adhikari,Bangladesh,Rajshahi,Male,1991-03-17,"Documentary, Crime",4193
CUST-0368,Neha Smith,India,Delhi,Male,1995-10-02,"Romance, Thriller",1557
CUST-0369,Fatima Verma,Bangladesh,Chittagong,Male,1994-06-12,"Sports, Crime, Drama",5150
CUST-0370,Shakil Jones,India,Karnataka,Female,2000-01-09,Horror,6450
CUST-0371,Nusrat Uddin,Nepal,Bagmati,Male,1987-01-27,Drama,2740
CUST-0372,Robert Patel,Unknown,Sylhet,Male,1993-09-22,Unknown,3483
CUST-0373,Ramesh Smith,Unknown,Lumbini,Male,2000-03-25,Anime,8898
CUST-0374,Mim Sharma,Bangladesh,Unknown,Unknown,2003-04-13,"Comedy, Fantasy",4327
CUST-0375,Nila Davis,Bangladesh,Khulna,Female,2004-09-16,"Documentary, Reality TV, Thriller",4907
CUST-0376,Anjali Williams,Bangladesh,Rajshahi,Male,2000-05-03,"Action, Sci-Fi, Comedy",9570
CUST-0377,Sophia Kumar,Nepal,Lumbini,Male,1965-11-09,Unknown,3138
CUST-0378,Ahmed Akter,India,Delhi,Female,1969-10-09,Documentary,2033
CUST-0379,Imran Brown,Bangladesh,Sylhet,Unknown,1991-08-10,Unknown,7801
CUST-0380,Sabbir Patel,Bangladesh,Sylhet,Female,1999-11-20,Action,1118
CUST-0381,Nila Adhikari,Bangladesh,Rajshahi,Male,1985-03-16,"Thriller, Drama",ABCDE
CUST-0382,Anita Garcia,India,Karnataka,Female,1988-10-13,Sports,9842
CUST-0383,Vikram Alam,Bangladesh,Chittagong,Female,1972-03-02,"Musical, Action, Fantasy",8121
CUST-0384,Arif Smith,Unknown,Delhi,Male,2005-02-24,Reality TV,7865
CUST-0385,Imran Singh,India,Delhi,Male,1981-11-05,Comedy,8141
CUST-0386,Rima Ahmed,Nepal,Gandaki,Male,1974-01-27,"Drama, Action",ABCDE
CUST-0387,Mim Rai,Bangladesh,Khulna,Female,2005-08-15,Sports,2416
CUST-0388,James Rai,Bangladesh,Unknown,Male,1984-06-24,"Thriller, Sports, Drama",7844
CUST-0389,Karim Rahman,Nepal,Bagmati,Female,1985-04-18,"Thriller, Comedy",Unknown
CUST-0390,James Ahmed,Bangladesh,Dhaka,Male,1990-08-03,"Sports, Action, Documentary",7641
CUST-0391,Nila Thapa,Nepal,Lumbini,Male,1966-06-20,"Sci-Fi, Crime",9887
CUST-0392,Arjun Thapa,Bangladesh,Khulna,Female,1969-12-24,"Romance, Documentary",3871
CUST-0393,Sita Davis,India,Karnataka,Female,1991-01-09,"Thriller, Crime, Reality TV",5380
CUST-0394,Vikram Kumar,Unknown,Khulna,Female,1988-11-10,"Fantasy, Anime, Horror",2075
CUST-0395,Imran Basnet,Nepal,Bagmati,Male,1996-04-08,Documentary,1371
CUST-0396,Shakil Brown,Nepal,Gandaki,Female,1967-10-29,Fantasy,9513
CUST-0397,Sita Smith,Bangladesh,Khulna,Female,1978-08-23,"Drama, Crime, Horror",8933
CUST-0398,Sarah Begum,India,Karnataka,Female,1977-10-18,Drama,3514
CUST-0399,Sabbir Alam,Bangladesh,Rajshahi,Male,1979-03-21,"Drama, Romance",9743
CUST-0400,Priya Chowdhury,Nepal,Bagmati,Male,1987-10-06,"Kids, Reality TV",3409
CUST-0401,Arjun Singh,Nepal,Bagmati,Male,1966-02-11,"Sports, Fantasy",6347
CUST-0402,Nusrat Verma,India,Unknown,Female,1968-12-02,"Sci-Fi, Thriller, Documentary",1918
CUST-0403,Prakash Johnson,Bangladesh,Khulna,Male,1968-12-06,Reality TV,7809
CUST-0404,Robert Begum,Bangladesh,Rajshahi,Female,1986-04-17,"Romance, Comedy, Sports",7708
CUST-0405,Bikash Adhikari,Bangladesh,Sylhet,Female,1966-11-23,"Fantasy, Sports",8593
CUST-0406,Rifat Islam,India,West Bengal,Female,2005-09-04,"Kids, Thriller, Action",2093
CUST-0407,Rohan Singh,Bangladesh,Khulna,Female,1990-10-22,Fantasy,3394
CUST-0408,John Jones,Nepal,Bagmati,Female,1978-01-31,"Kids, Comedy, Anime",2548
CUST-0409,Rohan Shrestha,Bangladesh,Khulna,Female,1980-10-10,Action,8944
CUST-0410,James Smith,Nepal,Kathmandu,Female,2002-04-18,"Fantasy, Anime, Reality TV",2867
CUST-0411,James Jones,Nepal,Bagmati,Female,2004-11-29,"Anime, Crime, Romance",2943
CUST-0412,Rifat Khan,Nepal,Gandaki,Unknown,2000-03-03,Unknown,8065
CUST-0413,Karim Ahmed,Bangladesh,Rajshahi,Male,1998-11-06,Crime,4277
CUST-0414,Nila Kumar,Bangladesh,Khulna,Female,1987-08-26,"Comedy, Musical, Sports",4138
CUST-0415,Shakil Akter,Unknown,Lumbini,Unknown,1991-06-10,Documentary,6813
CUST-0416,David Brown,Bangladesh,Khulna,Female,1996-08-12,Unknown,2895
CUST-0417,David Begum,Bangladesh,Rajshahi,Male,1968-02-15,"Kids, Romance",9055
CUST-0418,Gita Chowdhury,Bangladesh,Dhaka,Male,1998-04-05,Comedy,4281
CUST-0419,Rohan Rai,Nepal,Gandaki,Female,1998-12-05,"Sci-Fi, Romance, Documentary",8938
CUST-0420,Vikram Uddin,Bangladesh,Khulna,Female,1998-02-05,Unknown,3934
CUST-0421,David Verma,India,Tamil Nadu,Female,2000-07-24,"Thriller, Horror",5287
CUST-0422,Suresh Smith,India,Delhi,Male,1981-11-18,Unknown,5965
CUST-0423,Anita Akter,Bangladesh,Rajshahi,Female,1995-09-30,"Sports, Documentary, Fantasy",1913
CUST-0424,Laura Uddin,Bangladesh,Khulna,Male,1981-06-09,"Crime, Reality TV",6591
CUST-0425,David Chowdhury,Bangladesh,Dhaka,Female,1995-11-12,Fantasy,1322
CUST-0426,Suresh Smith,Bangladesh,Unknown,Female,1981-12-11,"Sci-Fi, Romance, Sports",4373
CUST-0427,Emily Garcia,Bangladesh,Khulna,Male,2000-04-23,Fantasy,5344
CUST-0428,Nusrat Begum,Nepal,Lumbini,Female,1968-01-08,"Crime, Anime, Documentary",2256
CUST-0429,Sita Gurung,Bangladesh,Sylhet,Male,1995-02-15,"Drama, Action, Kids",9178
CUST-0430,Payel Kumar,Nepal,Gandaki,Female,1981-05-05,"Drama, Thriller",5919
CUST-0431,Olivia Brown,Bangladesh,Rajshahi,Female,1975-08-05,"Thriller, Comedy",123
CUST-0432,Sophia Garcia,India,Delhi,Male,1977-06-18,"Anime, Drama, Kids",8960
CUST-0433,Fatima Rahman,Nepal,Gandaki,Male,2004-09-24,Sci-Fi,3302
CUST-0434,Sumaiya Chowdhury,India,Tamil Nadu,Male,2001-03-09,"Romance, Fantasy",4865
CUST-0435,Olivia Ahmed,Bangladesh,Khulna,Female,1981-10-23,"Comedy, Romance, Anime",5550
CUST-0436,Rima Johnson,Bangladesh,Dhaka,Female,2000-05-20,"Thriller, Horror, Anime",6945
CUST-0437,Gita Chowdhury,Bangladesh,Rajshahi,Male,2001-11-27,Horror,8190
CUST-0438,Bikash Smith,Nepal,Bagmati,Female,1983-07-11,"Reality TV, Sci-Fi",3627
CUST-0439,Ramesh Uddin,Bangladesh,Sylhet,Male,1973-03-30,"Documentary, Crime, Kids",6006
CUST-0440,John Sharma,Bangladesh,Chittagong,Male,1970-12-28,"Drama, Kids",5616
CUST-0441,Imran Hossain,Bangladesh,Unknown,Male,1993-02-09,Musical,5289
CUST-0442,Ramesh Rai,Bangladesh,Sylhet,Unknown,1970-04-07,Reality TV,8433
CUST-0443,Gita Garcia,Bangladesh,Khulna,Male,1991-12-02,Fantasy,7853
CUST-0444,Nila Brown,India,Karnataka,Female,1994-01-13,"Comedy, Action",7513
CUST-0445,Gita Ahmed,India,Karnataka,Male,1986-02-15,"Sports, Kids",1745
CUST-0446,Ahmed Uddin,Bangladesh,Rajshahi,Female,1976-09-04,Anime,8669
CUST-0447,Hasan Hossain,Bangladesh,Khulna,Unknown,2002-06-13,"Reality TV, Romance",5312
CUST-0448,Kavita Gurung,India,West Bengal,Unknown,1994-06-29,"Crime, Documentary, Action",ABCDE
CUST-0449,Karim Garcia,Bangladesh,Rajshahi,Unknown,1970-01-18,"Fantasy, Drama, Comedy",5654
CUST-0450,Nila Gurung,Bangladesh,Sylhet,Unknown,1968-06-12,Crime,6384
CUST-0451,Fatima Begum,India,Tamil Nadu,Male,1996-09-30,"Documentary, Musical, Kids",1095
CUST-0452,Emily Rahman,India,Tamil Nadu,Male,2000-10-20,Unknown,7248
CUST-0453,Sadia Williams,Bangladesh,Unknown,Male,1977-10-13,"Crime, Kids, Drama",8083
CUST-0454,Sunita Thapa,Nepal,Gandaki,Female,1982-05-30,"Horror, Sports",7922
CUST-0455,Sarah Verma,Bangladesh,Sylhet,Female,1971-12-16,"Anime, Kids",8671
CUST-0456,Olivia Hossain,Nepal,Bagmati,Female,1989-09-19,Unknown,7961
CUST-0457,James Chowdhury,Bangladesh,Khulna,Female,1994-09-05,"Drama, Crime",2364
CUST-0458,James Basnet,India,West Bengal,Male,1968-07-05,"Sports, Horror, Kids",1095
CUST-0459,Laura Chowdhury,Bangladesh,Rajshahi,Female,1995-03-24,"Kids, Sci-Fi, Crime",1227
CUST-0460,Imran Chowdhury,India,Maharashtra,Female,2003-07-01,"Thriller, Comedy, Horror",7912
CUST-0461,Fatima Chowdhury,Bangladesh,Rajshahi,Female,1978-03-24,Unknown,Unknown
CUST-0462,Anita Brown,Nepal,Unknown,Male,1992-06-06,"Musical, Fantasy, Documentary",ABCDE
CUST-0463,Olivia Sharma,Bangladesh,Rajshahi,Female,1996-04-16,"Action, Drama",6633
CUST-0464,Robert Alam,Bangladesh,Khulna,Male,1983-09-13,"Kids, Reality TV, Romance",3654
CUST-0465,Kavita Ahmed,Bangladesh,Chittagong,Female,1987-02-24,"Thriller, Musical",6878
CUST-0466,Arif Johnson,India,Tamil Nadu,Male,1970-06-01,"Thriller, Documentary, Horror",1764
CUST-0467,Meena Basnet,India,Tamil Nadu,Unknown,2002-10-02,Comedy,2669
CUST-0468,Pooja Rahman,Bangladesh,Chittagong,Male,1987-05-11,"Fantasy, Comedy, Drama",3257
CUST-0469,Mim Rai,Bangladesh,Dhaka,Female,1968-10-28,"Romance, Reality TV",5021
CUST-0470,Rima Shrestha,India,Maharashtra,Male,1988-02-26,"Romance, Action, Documentary",Unknown
CUST-0471,Rakib Hossain,Bangladesh,Unknown,Female,1971-10-10,"Action, Kids, Reality TV",5845
CUST-0472,James Williams,Nepal,Gandaki,Male,1992-05-19,Reality TV,9919
CUST-0473,Kavita Thapa,India,West Bengal,Male,1997-07-12,"Reality TV, Drama, Anime",2520
CUST-0474,Vikram Davis,Bangladesh,Unknown,Female,2002-05-02,"Reality TV, Sci-Fi",1982
CUST-0475,Sarah Uddin,India,Delhi,Female,1975-08-05,"Sports, Musical, Reality TV",9737
CUST-0476,Rohan Alam,Bangladesh,Sylhet,Female,1988-03-02,"Thriller, Fantasy, Crime",7974
CUST-0477,James Hossain,Bangladesh,Rajshahi,Male,1990-01-28,"Crime, Sci-Fi, Horror",8210
CUST-0478,Ramesh Adhikari,Nepal,Kathmandu,Female,1996-08-08,"Fantasy, Anime, Comedy",1534
CUST-0479,Sunita Akter,Nepal,Bagmati,Male,1971-11-17,Romance,5816
CUST-0480,Anjali Islam,India,West Bengal,Male,2001-09-29,"Documentary, Action, Comedy",ABCDE
CUST-0481,James Garcia,India,West Bengal,Female,1987-08-24,"Documentary, Crime, Musical",6328
CUST-0482,Sadia Thapa,India,West Bengal,Unknown,1993-12-22,Fantasy,Unknown
CUST-0483,Meena Patel,Bangladesh,Dhaka,Female,1988-05-28,Crime,2970
CUST-0484,Prakash Adhikari,Bangladesh,Chittagong,Female,2001-03-13,"Sports, Romance, Sci-Fi",1381
CUST-0485,Emily Brown,Bangladesh,Khulna,Male,1977-10-20,Drama,6026
CUST-0486,James Kumar,Bangladesh,Chittagong,Male,1983-07-09,"Horror, Sci-Fi",1849
CUST-0487,Imran Alam,India,Tamil Nadu,Male,1983-04-06,Unknown,1305
CUST-0488,Tasnia Davis,Nepal,Lumbini,Male,1987-06-14,Crime,3755
CUST-0489,Sumaiya Davis,Nepal,Bagmati,Female,1965-01-09,Musical,5110
CUST-0490,Gita Williams,Nepal,Unknown,Female,1969-01-09,"Reality TV, Comedy",5578
CUST-0491,Olivia Ahmed,India,Karnataka,Female,1979-06-06,"Thriller, Documentary",3190
CUST-0492,Sita Adhikari,Unknown,Dhaka,Female,1982-08-15,"Comedy, Crime, Kids",8293
CUST-0493,Gita Chowdhury,Bangladesh,Khulna,Female,1970-08-07,"Romance, Thriller",1324
CUST-0494,Ravi Uddin,India,Tamil Nadu,Male,1966-08-26,"Documentary, Reality TV",4212
CUST-0495,Bikash Williams,Bangladesh,Rajshahi,Female,1992-01-19,"Drama, Comedy, Sports",123
CUST-0496,Arjun Rai,Bangladesh,Khulna,Male,1992-07-25,"Kids, Anime",123
CUST-0497,Sita Kumar,Nepal,Gandaki,Male,1985-12-06,"Romance, Anime",4678
CUST-0498,Nusrat Uddin,Nepal,Bagmati,Male,1998-01-30,Reality TV,ABCDE
CUST-0499,Imran Akter,Bangladesh,Dhaka,Female,1979-12-31,"Thriller, Comedy",1891
CUST-0500,Emily Miller,India,Tamil Nadu,Female,1967-09-22,Sci-Fi,2065
CUST-0501,Hasan Rahman,Unknown,Unknown,Female,2003-02-16,"Sci-Fi, Comedy",1173
CUST-0502,Sophia Williams,Bangladesh,Sylhet,Unknown,1979-09-22,Unknown,4172
CUST-0503,Arjun Khan,India,West Bengal,Male,1978-12-25,"Sci-Fi, Anime, Kids",9866
CUST-0504,Meena Khan,Bangladesh,Khulna,Female,1967-07-29,Anime,1894
CUST-0505,Olivia Johnson,Bangladesh,Chittagong,Female,1985-12-19,"Reality TV, Romance, Sports",5909
CUST-0506,James Smith,Bangladesh,Dhaka,Male,1985-12-05,"Thriller, Musical, Documentary",6431
CUST-0507,Sunita Williams,Bangladesh,Unknown,Male,1978-01-13,"Thriller, Kids",1719
CUST-0508,Fatima Ahmed,Bangladesh,Khulna,Female,1972-11-24,Unknown,7208
CUST-0509,Sita Thapa,Nepal,Gandaki,Female,1988-08-21,Unknown,3142
CUST-0510,Imran Ahmed,Bangladesh,Rajshahi,Female,1989-01-08,"Crime, Drama",123
CUST-0511,Hasan Rai,Bangladesh,Chittagong,Female,1987-10-26,"Crime, Kids",9501
CUST-0512,Sophia Akter,Bangladesh,Rajshahi,Female,1991-03-13,"Action, Thriller, Fantasy",4840
CUST-0513,Laura Ahmed,Bangladesh,Khulna,Male,1988-04-10,Unknown,6511
CUST-0514,Olivia Jones,Bangladesh,Rajshahi,Male,1993-12-13,Romance,9220
CUST-0515,Vikram Davis,India,Unknown,Male,1995-04-14,"Horror, Musical",5496
CUST-0516,Imran Patel,India,Unknown,Male,1983-02-12,"Fantasy, Sports",Unknown
CUST-0517,Vikram Shrestha,Nepal,Lumbini,Female,1997-05-30,"Romance, Crime",8025
CUST-0518,Meena Patel,Bangladesh,Sylhet,Female,1998-02-05,Documentary,6567
CUST-0519,Rifat Brown,Bangladesh,Sylhet,Male,1971-11-24,"Sports, Kids",7404
CUST-0520,David Ahmed,Nepal,Bagmati,Female,1978-09-01,Drama,1525
CUST-0521,Ramesh Verma,Bangladesh,Rajshahi,Male,1967-07-31,"Anime, Action",7731
CUST-0522,Laura Akter,Nepal,Gandaki,Female,1974-03-24,"Sci-Fi, Fantasy",6084
CUST-0523,Divya Ahmed,Bangladesh,Dhaka,Female,1988-08-03,"Musical, Sports",1640
CUST-0524,Sunita Hossain,Bangladesh,Khulna,Female,1973-01-21,"Reality TV, Sci-Fi, Documentary",2565
CUST-0525,Laura Patel,Nepal,Bagmati,Female,1996-04-24,"Reality TV, Thriller, Documentary",2986
CUST-0526,Sarah Hossain,India,Maharashtra,Male,1996-02-26,"Reality TV, Documentary, Sci-Fi",4185
CUST-0527,Laura Rahman,Bangladesh,Chittagong,Female,1989-08-08,"Thriller, Reality TV, Documentary",3643
CUST-0528,Sabbir Gurung,Bangladesh,Dhaka,Female,1971-11-20,"Romance, Drama",Unknown
CUST-0529,Suresh Ahmed,Bangladesh,Sylhet,Male,1967-03-09,"Crime, Thriller",4908
CUST-0530,Imran Hossain,Bangladesh,Khulna,Male,2002-04-03,Unknown,6359
CUST-0531,John Davis,India,West Bengal,Male,1965-09-03,Unknown,4606
CUST-0532,Rakib Kumar,Unknown,Maharashtra,Female,2000-06-30,"Drama, Horror, Comedy",7366
CUST-0533,Gita Adhikari,Nepal,Bagmati,Female,1992-04-19,"Documentary, Sci-Fi, Anime",1217
CUST-0534,Rifat Islam,India,West Bengal,Male,1974-01-23,Sci-Fi,Unknown
CUST-0535,Rohan Jones,India,Karnataka,Unknown,1975-04-11,"Romance, Musical, Thriller",Unknown
CUST-0536,Sumaiya Thapa,India,West Bengal,Female,1968-02-21,Action,4345
CUST-0537,Hasan Hossain,Bangladesh,Chittagong,Male,1997-05-16,Thriller,5966
CUST-0538,Shakil Sharma,Bangladesh,Rajshahi,Male,1984-10-19,"Anime, Sports",8897
CUST-0539,Fatima Shrestha,Bangladesh,Khulna,Male,1985-05-07,"Sci-Fi, Anime",ABCDE
CUST-0540,Anita Garcia,Unknown,Sylhet,Unknown,1981-09-27,"Documentary, Horror",7697
CUST-0541,Karim Adhikari,Bangladesh,Rajshahi,Female,1986-12-02,Unknown,7947
CUST-0542,Sunita Alam,Bangladesh,Khulna,Female,1995-07-21,Horror,3644
CUST-0543,Ahmed Chowdhury,India,Tamil Nadu,Male,1984-02-24,"Reality TV, Horror",7271
CUST-0544,Divya Begum,India,Tamil Nadu,Male,1982-11-08,"Horror, Action, Drama",ABCDE
CUST-0545,Meena Patel,Bangladesh,Rajshahi,Male,1973-03-01,"Comedy, Documentary, Sports",1966
CUST-0546,Sunita Akter,India,West Bengal,Female,1978-02-24,Sci-Fi,ABCDE
CUST-0547,Divya Alam,Unknown,Khulna,Female,1988-06-06,Sci-Fi,5355
CUST-0548,Anjali Garcia,India,Karnataka,Unknown,1967-07-27,"Fantasy, Romance",Unknown
CUST-0549,Laura Singh,Unknown,Delhi,Female,1992-09-27,"Kids, Fantasy, Documentary",1051
CUST-0550,Bikash Gurung,Bangladesh,Khulna,Female,1968-08-26,"Sci-Fi, Documentary",2645
CUST-0551,Deepak Williams,Bangladesh,Sylhet,Female,1989-08-13,"Drama, Documentary",9858
CUST-0552,Sumaiya Alam,Bangladesh,Dhaka,Male,1974-11-20,"Horror, Kids, Documentary",3224
CUST-0553,Suresh Gupta,India,Karnataka,Female,1980-05-25,"Musical, Reality TV",8159
CUST-0554,Rifat Alam,Bangladesh,Dhaka,Unknown,1970-09-19,"Sci-Fi, Sports",9775
CUST-0555,Imran Rai,Bangladesh,Khulna,Female,1965-05-31,"Fantasy, Documentary, Romance",4586
CUST-0556,Anjali Kumar,Bangladesh,Dhaka,Unknown,2003-01-10,"Sports, Documentary, Kids",7171
CUST-0557,Nusrat Thapa,Bangladesh,Chittagong,Female,1978-06-02,"Musical, Fantasy, Drama",6528
CUST-0558,Olivia Kumar,Bangladesh,Rajshahi,Male,1996-06-13,"Sci-Fi, Comedy, Drama",1886
CUST-0559,Anita Begum,Bangladesh,Rajshahi,Male,1973-10-11,"Kids, Action, Romance",3418
CUST-0560,David Brown,India,Delhi,Male,1988-02-14,"Romance, Sports, Sci-Fi",7619
CUST-0561,Sumaiya Rahman,Bangladesh,Sylhet,Male,1995-02-02,"Comedy, Crime, Documentary",5509
CUST-0562,Bikash Gupta,Bangladesh,Dhaka,Female,1991-04-29,"Sports, Documentary, Horror",3967
CUST-0563,David Garcia,Nepal,Lumbini,Male,2001-06-19,"Action, Sci-Fi, Anime",9684
CUST-0564,Anjali Hossain,Bangladesh,Dhaka,Female,1996-03-09,Action,3015
CUST-0565,Karim Khan,India,Karnataka,Male,1989-06-03,Sci-Fi,5068
CUST-0566,Priya Rahman,Nepal,Gandaki,Female,1980-10-18,"Anime, Musical, Thriller",1732
CUST-0567,Sumaiya Rahman,Bangladesh,Chittagong,Male,1997-09-15,"Sci-Fi, Comedy, Anime",3675
CUST-0568,Laura Jones,Bangladesh,Unknown,Female,1973-08-23,"Romance, Sports, Kids",3687
CUST-0569,James Gurung,Bangladesh,Unknown,Male,1983-04-01,Romance,6464
CUST-0570,Meena Uddin,Bangladesh,Dhaka,Male,1970-07-17,Anime,9021
CUST-0571,Tanvir Miller,Bangladesh,Sylhet,Female,1998-09-23,"Drama, Romance",9711
CUST-0572,Pooja Verma,Nepal,Unknown,Female,1971-05-27,"Sports, Reality TV",7064
CUST-0573,Anita Shrestha,Bangladesh,Rajshahi,Male,1977-05-17,"Anime, Reality TV",6000
CUST-0574,Bikash Rai,Bangladesh,Khulna,Male,1972-05-29,"Action, Comedy, Reality TV",1175
CUST-0575,Olivia Kumar,Bangladesh,Sylhet,Female,2027-03-12,"Anime, Reality TV, Romance",9652
CUST-0576,Gita Verma,Bangladesh,Sylhet,Male,1967-04-15,"Documentary, Sci-Fi",6537
CUST-0577,Gita Alam,India,West Bengal,Male,1974-10-03,"Musical, Kids",8586
CUST-0578,Kavita Rai,Unknown,Rajshahi,Male,1973-05-09,"Romance, Action",2388
CUST-0579,Neha Miller,Nepal,Gandaki,Female,1981-10-16,"Romance, Sci-Fi",5415
CUST-0580,Tanvir Jones,India,Unknown,Female,1973-07-03,"Action, Drama",1517
CUST-0581,Sabbir Kumar,Bangladesh,Khulna,Female,1979-07-29,"Anime, Reality TV",7370
CUST-0582,Hasan Chowdhury,Nepal,Gandaki,Male,1984-04-10,"Reality TV, Action, Sci-Fi",2353
CUST-0583,Ravi Brown,Bangladesh,Chittagong,Male,1976-02-05,"Fantasy, Sci-Fi, Thriller",2688
CUST-0584,Ramesh Singh,Bangladesh,Sylhet,Male,1973-08-15,Unknown,1834
CUST-0585,David Brown,Bangladesh,Unknown,Male,1977-01-29,"Horror, Romance",1779
CUST-0586,Nila Rahman,Bangladesh,Rajshahi,Male,1987-01-15,"Romance, Horror",3134
CUST-0587,Emily Johnson,India,Tamil Nadu,Male,2004-10-18,Drama,1672
CUST-0588,Divya Adhikari,Nepal,Unknown,Female,1986-04-10,Anime,ABCDE
CUST-0589,James Davis,India,West Bengal,Male,1987-08-09,Drama,3112
CUST-0590,Shakil Rahman,Nepal,Lumbini,Male,1988-01-13,Drama,7393
CUST-0591,Laura Verma,Unknown,Sylhet,Male,1996-09-30,"Anime, Horror, Fantasy",5399
CUST-0592,Pooja Chowdhury,Bangladesh,Khulna,Unknown,1977-02-17,Kids,4440
CUST-0593,Suresh Chowdhury,Bangladesh,Khulna,Female,1970-12-30,"Musical, Sports",1170
CUST-0594,Michael Alam,India,Delhi,Female,1993-02-03,"Sports, Anime, Thriller",5403
CUST-0595,Payel Sharma,India,Maharashtra,Female,1985-08-10,Fantasy,9036
CUST-0596,Deepak Akter,India,Maharashtra,Male,1976-01-02,"Musical, Kids",9630
CUST-0597,Hasan Singh,India,Unknown,Female,1970-12-06,Crime,1221
CUST-0598,Ahmed Thapa,Bangladesh,Dhaka,Female,1978-10-16,"Documentary, Drama",5382
CUST-0599,Bikash Davis,Bangladesh,Khulna,Female,2026-08-18,Thriller,5699
CUST-0600,Rifat Adhikari,Nepal,Lumbini,Unknown,1977-08-23,"Comedy, Sports",2389
