support_id,customerid,complaint_date,escalations,csat_score,issue_category,comment
1,CUST-0042,2020-02-14 00:00:00,0,4.0,Streaming,Video buffers every evening
2,CUST-0120,2021-11-03 00:00:00,1,3.0,Billing,Payment deducted twice
3,CUST-0120,2022-01-15 00:00:00,1,2.0,Billing,Still waiting for refund
4,CUST-0333,2023-06-20 00:00:00,0,5.0,Login,Cannot login after password reset
5,CUST-0333,2023-06-20 00:00:00,0,5.0,Login,Cannot login after password reset
6,CUST-0599,2024-09-01 00:00:00,2,1.0,Subscription,Subscription renewed unexpectedly
7,CUST-0005,2022-03-10 00:00:00,0,4.0,Streaming,Playback freezes occasionally
8,CUST-0005,2022-03-12 00:00:00,1,3.0,Technical,Escalated to technical team
9,CUST-0450,2021-07-07 00:00:00,0,5.0,Content,Love the new shows
10,CUST-0450,2021-07-07 00:00:00,0,5.0,Content,Love the new shows
11,CUST-0211,2020-12-30 00:00:00,1,2.0,Payment,Payment failed repeatedly
12,CUST-0211,2021-01-02 00:00:00,2,1.0,Payment,Charged after cancellation
13,CUST-0399,2022-08-19 00:00:00,0,4.0,App,App keeps crashing
14,CUST-0399,2022-08-20 00:00:00,1,2.0,App,Still facing issue
15,CUST-0175,2023-02-11 00:00:00,0,5.0,Recommendation,Recommendation quality is poor
16,CUST-0175,2023-02-12 00:00:00,0,5.0,Recommendation,Satisfied with support
17,CUST-0600,2021-05-05 00:00:00,3,1.0,Technical,Audio out of sync
18,CUST-0600,2021-05-06 00:00:00,3,1.0,Technical,Audio out of sync
19,CUST-0600,2021-06-01 00:00:00,4,1.0,Device,Unable to stream on TV
20,CUST-0031,2020-10-22 00:00:00,0,4.0,Billing,Need invoice copy
21,CUST-0031,2021-04-12 00:00:00,1,3.0,Billing,No update yet
22,CUST-0488,2022-11-30 00:00:00,0,5.0,General Inquiry,Issue resolved
23,CUST-0488,2022-12-01 00:00:00,0,5.0,General Inquiry,Problem fixed
24,CUST-0277,2020-01-01 00:00:00,1,,Payment,No Comment
25,CUST-0277,2020-01-01 00:00:00,1,,Payment,
26,CUST-0180,2024-03-18 00:00:00,0,5.0,Streaming,Problem fixed 
27,CUST-0180,2024-03-18 00:00:00,0,5.0,Streaming,Problem fixed
28,CUST-0555,2022-05-23 00:00:00,2,2.0,Buffering,Video bufferring every evening
29,CUST-0555,2022-05-24 00:00:00,2,1.0,Streaming,Still waiting for response
30,CUST-0412,2023-09-09 00:00:00,0,4.0,Login,"Forgot password, cannot login"
31,CUST-0412,2023-09-09 00:00:00,0,4.0,Login,"Forgot password, cannot login"
32,CUST-0412,2023-09-10 00:00:00,1,3.0,Account,Profile disappeared from family plan
33,CUST-0222,2020-07-30 00:00:00,0,5.0,Content,Great selection
34,CUST-0561,2021-03-03 00:00:00,1,2.0,Refund,Still waiting for refund
35,CUST-0561,2021-03-05 00:00:00,1,2.0,Refund,Refund received
36,CUST-0561,2021-03-05 00:00:00,1,2.0,Refund,Refund received
37,CUST-0490,2020-09-14 00:00:00,0,5.0,Streaming,Watching on phone works well
38,CUST-0490,2020-09-20 00:00:00,0,5.0,Streaming,Watching on phone works well 
39,CUST-0320,2022-02-28 00:00:00,1,3.0,Login,"Cannot login, says invalid email"
40,CUST-0320,2022-03-01 00:00:00,2,2.0,Account,"Account locked, still waiting"
41,CUST-0100,2021-12-12 00:00:00,0,5.0,Content,"New season released, thanks"
42,CUST-0100,2021-12-13 00:00:00,0,5.0,Content,"New season released, thanks"
43,CUST-0100,2022-01-05 00:00:00,1,4.0,Streaming,Some episodes fail to load
44,CUST-0444,2023-04-17 00:00:00,0,5.0,General Inquiry,Thanks for the help
45,CUST-0444,2023-04-18 00:00:00,0,5.0,General Inquiry,Thanks for the help
46,CUST-0444,2024-01-01 00:00:00,0,5.0,General Inquiry,Issue resolved
47,CUST-0382,2020-06-06 00:00:00,1,4.0,Payment,Payment processed but no access
48,CUST-0382,2020-06-07 00:00:00,1,3.0,Payment,Still waiting for access
49,CUST-0510,2022-10-10 00:00:00,0,5.0,Streaming,Issue resolved
50,CUST-0510,2022-10-11 00:00:00,0,5.0,Streaming,Issue resolved
51,CUST-0510,2022-10-12 00:00:00,0,5.0,Streaming,Issue resolved
52,CUST-0066,2024-07-20 00:00:00,1,2.0,Buffering,Video buffers at 8pm
53,CUST-0066,2024-07-21 00:00:00,1,1.0,Streaming,Still buffering every evening
54,CUST-0066,2024-07-22 00:00:00,2,1.0,Technical,Escalated to network team
55,CUST-0590,2025-11-01 00:00:00,0,5.0,Streaming,Cannot wait for new season
56,CUST-0590,2025-11-02 00:00:00,0,5.0,Streaming,Cannot wait for new season
57,CUST-0477,2021-08-08 00:00:00,0,4.0,Login,Password reset link not working
58,CUST-0477,2021-08-09 00:00:00,1,3.0,Login,Still cannot login
59,CUST-0477,2021-08-10 00:00:00,1,2.0,Account,Profile lost after update
60,CUST-0299,2020-03-15 00:00:00,0,5.0,Content,Great documentary selection
61,CUST-0299,2020-03-15 00:00:00,0,5.0,Content,Great documentary selection
62,CUST-0299,2021-09-09 00:00:00,0,5.0,Content,Great documentary selection
63,CUST-0533,2022-12-24 00:00:00,1,1.0,Payment,"Charged twice, please refund"
64,CUST-0533,2023-01-02 00:00:00,2,1.0,Refund,Still waiting for refund
65,CUST-0533,2023-01-10 00:00:00,2,1.0,Refund,No update yet
66,CUST-0144,2024-02-02 00:00:00,0,4.0,Streaming,Audio and video ok
67,CUST-0144,2024-02-03 00:00:00,0,4.0,Streaming,Audio and video ok
68,CUST-0144,2024-02-05 00:00:00,1,3.0,Technical,Playback freezes sometimes
69,CUST-0022,2020-11-11 00:00:00,0,5.0,Content,Love the kids section
70,CUST-0377,2021-01-20 00:00:00,0,4.0,Account,Need to update payment method
71,CUST-0377,2021-01-21 00:00:00,0,4.0,Billing,Payment method updated
72,CUST-0377,2021-01-22 00:00:00,0,4.0,Billing,Payment method updated
73,CUST-0355,2022-06-06 00:00:00,0,5.0,Streaming,Problem fixed
74,CUST-0355,2022-06-07 00:00:00,0,5.0,Streaming,Problem fixed
75,CUST-0355,2022-06-07 00:00:00,0,5.0,Streaming,Problem fixed
76,CUST-0199,2023-03-03 00:00:00,1,3.0,Login,Login fails intermittently
77,CUST-0199,2023-03-04 00:00:00,1,2.0,Technical,Still facing issue
78,CUST-0199,2023-03-05 00:00:00,2,1.0,Technical,Escalated to Techncal team
79,CUST-0199,2023-03-06 00:00:00,2,1.0,Technical,Escalated to Techncal team
80,CUST-0244,2020-04-04 00:00:00,0,5.0,Content,Found what I wanted
81,CUST-0244,2020-04-04 00:00:00,0,5.0,Content,Found what I wanted
82,CUST-0244,2021-05-05 00:00:00,0,5.0,Content,Found what I wanted
83,CUST-0544,2021-10-10 00:00:00,1,3.0,Subscription,Cancelled but charged again
84,CUST-0544,2021-10-11 00:00:00,2,2.0,Subscription,Still charged after cancellation
85,CUST-0544,2021-10-12 00:00:00,2,1.0,Refund,Refund not received
86,CUST-0111,2022-01-01 00:00:00,0,5.0,Streaming,Works fine on mobile
87,CUST-0111,2022-02-01 00:00:00,0,5.0,Streaming,Works fine on mobile
88,CUST-0111,2022-03-01 00:00:00,0,5.0,Streaming,Works fine on mobile
89,CUST-0112,2023-07-07 00:00:00,0,4.0,App,App slow after update
90,CUST-0112,2023-07-08 00:00:00,1,3.0,Technical,Performance issue persists
91,CUST-0112,2023-07-09 00:00:00,1,2.0,Technical,Still waiting for response
92,CUST-0112,2023-07-10 00:00:00,2,1.0,Technical,Escalated to engineering
93,CUST-0166,2020-08-08 00:00:00,0,5.0,Streaming,Great quality
94,CUST-0166,2021-08-08 00:00:00,0,5.0,Streaming,Great quality
95,CUST-0166,2022-08-08 00:00:00,0,5.0,Streaming,Great quality
96,CUST-0077,2021-02-14 00:00:00,0,4.0,Billing,Need invoice for last month
97,CUST-0077,2021-02-15 00:00:00,0,4.0,Billing,Invoice received 
98,CUST-0077,2021-02-16 00:00:00,0,4.0,Billing,Invoice received
99,CUST-0260,2024-05-05 00:00:00,0,5.0,Content,New movies are great
100,CUST-0260,2024-05-06 00:00:00,0,5.0,Content,New movies are great
101,CUST-0404,2020-10-10 00:00:00,1,3.0,Login,Login says service unavailable
102,CUST-0404,2020-10-11 00:00:00,1,2.0,Login,Still cannot access account
103,CUST-0404,2020-10-12 00:00:00,2,1.0,Account,Account flagged incorrectly
104,CUST-0404,2020-10-12 00:00:00,2,1.0,Account,Account flagged incorrectly
105,CUST-0404,2020-10-12 00:00:00,2,1.0,Account,Account flagged incorrectly
106,CUST-0340,2022-09-09 00:00:00,0,5.0,Streaming,Everything works fine
107,CUST-0340,2022-09-10 00:00:00,0,5.0,Streaming,Everything works fine
108,CUST-0340,2022-09-11 00:00:00,0,5.0,Streaming,Everything works fine
109,CUST-0340,2022-09-11 00:00:00,0,5.0,Streaming,Everything works fine
110,CUST-0588,2021-12-01 00:00:00,1,4.0,Payment,Payment method failed
111,CUST-0588,2021-12-02 00:00:00,1,3.0,Payment,Still failing
112,CUST-0588,2021-12-10 00:00:00,2,2.0,Billing,Charged incorrectly
113,CUST-0088,2023-11-11 00:00:00,0,5.0,Streaming,Great UX
114,CUST-0088,2023-11-12 00:00:00,0,5.0,Streaming,Great UX
115,CUST-0088,2024-01-01 00:00:00,0,5.0,Streaming,Great UX
116,CUST-0088,2024-01-02 00:00:00,0,5.0,Streaming,Great UX
117,CUST-0088,2024-01-03 00:00:00,0,5.0,Streaming,Great UX
118,CUST-0155,2020-05-05 00:00:00,0,4.0,Login,Password reset successful
119,CUST-0155,2020-05-06 00:00:00,0,4.0,Login,Password reset successful
120,CUST-0155,2021-05-06 00:00:00,0,5.0,Login,Password reset successful
121,CUST-0345,2022-01-01 00:00:00,1,2.0,Buffering,Video buffers frequently
122,CUST-0345,2022-01-02 00:00:00,1,1.0,Streaming,Still buffering heavily
123,CUST-0345,2022-01-03 00:00:00,2,1.0,Technical,Escalated to isp team
124,CUST-0345,2022-01-03 00:00:00,2,1.0,Technical,Escalated to isp team
126,CUST-0042,2020-02-14 00:00:00,0,4.0,Streaming,Video buffers every evening
127,CUST-0120,2021-11-03 00:00:00,1,3.0,Billing,Payment deducted twice
128,CUST-0120,2022-01-15 00:00:00,1,2.0,Billing,Still waiting for refund
129,CUST-0333,2023-06-20 00:00:00,0,5.0,Login,Cannot login after password reset
130,CUST-0333,2023-06-20 00:00:00,0,5.0,Login,Cannot login after password reset
131,CUST-0599,2024-09-01 00:00:00,2,1.0,Subscription,Subscription renewed unexpectedly
132,CUST-0005,2022-03-10 00:00:00,0,4.0,Streaming,Playback freezes occasionally
133,CUST-0005,2022-03-12 00:00:00,1,3.0,Technical,Escalated to technical team
134,CUST-0450,2021-07-07 00:00:00,0,5.0,Content,Love the new shows
135,CUST-0450,2021-07-07 00:00:00,0,5.0,Content,Love the new shows
136,CUST-0211,2020-12-30 00:00:00,1,2.0,Payment,Payment failed repeatedly
137,CUST-0211,2021-01-02 00:00:00,2,1.0,Payment,Charged after cancellation
138,CUST-0399,2022-08-19 00:00:00,0,4.0,App,App keeps crashing
139,CUST-0399,2022-08-20 00:00:00,1,2.0,App,Still facing issue
140,CUST-0175,2023-02-11 00:00:00,0,5.0,Recommendation,Recommendation quality is poor
141,CUST-0175,2023-02-12 00:00:00,0,5.0,Recommendation,Satisfied with support
142,CUST-0600,2021-05-05 00:00:00,3,1.0,Technical,Audio out of sync
143,CUST-0600,2021-05-06 00:00:00,3,1.0,Technical,Audio out of sync
144,CUST-0600,2021-06-01 00:00:00,4,1.0,Device,Unable to stream on TV
145,CUST-0031,2020-10-22 00:00:00,0,4.0,Billing,Need invoice copy
146,CUST-0031,2021-04-12 00:00:00,1,3.0,Billing,No update yet
147,CUST-0488,2022-11-30 00:00:00,0,5.0,General Inquiry,Issue resolved
148,CUST-0488,2022-12-01 00:00:00,0,5.0,General Inquiry,Problem fixed
149,CUST-0277,2020-01-01 00:00:00,1,,Payment,No Comment
150,CUST-0277,2020-01-01 00:00:00,1,,Payment,
151,CUST-0180,2024-03-18 00:00:00,0,5.0,Streaming,Problem fixed 
152,CUST-0180,2024-03-18 00:00:00,0,5.0,Streaming,Problem fixed
153,CUST-0555,2022-05-23 00:00:00,2,2.0,Buffering,Video bufferring every evening
154,CUST-0555,2022-05-24 00:00:00,2,1.0,Streaming,Still waiting for response
155,CUST-0412,2023-09-09 00:00:00,0,4.0,Login,"Forgot password, cannot login"
156,CUST-0412,2023-09-09 00:00:00,0,4.0,Login,"Forgot password, cannot login"
157,CUST-0412,2023-09-10 00:00:00,1,3.0,Account,Profile disappeared from family plan
158,CUST-0222,2020-07-30 00:00:00,0,5.0,Content,Great selection
159,CUST-0561,2021-03-03 00:00:00,1,2.0,Refund,Still waiting for refund
160,CUST-0561,2021-03-05 00:00:00,1,2.0,Refund,Refund received
161,CUST-0561,2021-03-05 00:00:00,1,2.0,Refund,Refund received
162,CUST-0490,2020-09-14 00:00:00,0,5.0,Streaming,Watching on phone works well
163,CUST-0490,2020-09-20 00:00:00,0,5.0,Streaming,Watching on phone works well 
164,CUST-0320,2022-02-28 00:00:00,1,3.0,Login,"Cannot login, says invalid email"
165,CUST-0320,2022-03-01 00:00:00,2,2.0,Account,"Account locked, still waiting"
166,CUST-0100,2021-12-12 00:00:00,0,5.0,Content,"New season released, thanks"
167,CUST-0100,2021-12-13 00:00:00,0,5.0,Content,"New season released, thanks"
168,CUST-0100,2022-01-05 00:00:00,1,4.0,Streaming,Some episodes fail to load
169,CUST-0444,2023-04-17 00:00:00,0,5.0,General Inquiry,Thanks for the help
170,CUST-0444,2023-04-18 00:00:00,0,5.0,General Inquiry,Thanks for the help
171,CUST-0444,2024-01-01 00:00:00,0,5.0,General Inquiry,Issue resolved
172,CUST-0382,2020-06-06 00:00:00,1,4.0,Payment,Payment processed but no access
173,CUST-0382,2020-06-07 00:00:00,1,3.0,Payment,Still waiting for access
174,CUST-0510,2022-10-10 00:00:00,0,5.0,Streaming,Issue resolved
175,CUST-0510,2022-10-11 00:00:00,0,5.0,Streaming,Issue resolved
176,CUST-0510,2022-10-12 00:00:00,0,5.0,Streaming,Issue resolved
177,CUST-0066,2024-07-20 00:00:00,1,2.0,Buffering,Video buffers at 8pm
178,CUST-0066,2024-07-21 00:00:00,1,1.0,Streaming,Still buffering every evening
179,CUST-0066,2024-07-22 00:00:00,2,1.0,Technical,Escalated to network team
180,CUST-0590,2025-11-01 00:00:00,0,5.0,Streaming,Cannot wait for new season
181,CUST-0590,2025-11-02 00:00:00,0,5.0,Streaming,Cannot wait for new season
182,CUST-0477,2021-08-08 00:00:00,0,4.0,Login,Password reset link not working
183,CUST-0477,2021-08-09 00:00:00,1,3.0,Login,Still cannot login
184,CUST-0477,2021-08-10 00:00:00,1,2.0,Account,Profile lost after update
185,CUST-0299,2020-03-15 00:00:00,0,5.0,Content,Great documentary selection
186,CUST-0299,2020-03-15 00:00:00,0,5.0,Content,Great documentary selection
187,CUST-0299,2021-09-09 00:00:00,0,5.0,Content,Great documentary selection
188,CUST-0533,2022-12-24 00:00:00,1,1.0,Payment,"Charged twice, please refund"
189,CUST-0533,2023-01-02 00:00:00,2,1.0,Refund,Still waiting for refund
190,CUST-0533,2023-01-10 00:00:00,2,1.0,Refund,No update yet
191,CUST-0144,2024-02-02 00:00:00,0,4.0,Streaming,Audio and video ok
192,CUST-0144,2024-02-03 00:00:00,0,4.0,Streaming,Audio and video ok
193,CUST-0144,2024-02-05 00:00:00,1,3.0,Technical,Playback freezes sometimes
194,CUST-0022,2020-11-11 00:00:00,0,5.0,Content,Love the kids section
195,CUST-0377,2021-01-20 00:00:00,0,4.0,Account,Need to update payment method
196,CUST-0377,2021-01-21 00:00:00,0,4.0,Billing,Payment method updated
197,CUST-0377,2021-01-22 00:00:00,0,4.0,Billing,Payment method updated
198,CUST-0355,2022-06-06 00:00:00,0,5.0,Streaming,Problem fixed
199,CUST-0355,2022-06-07 00:00:00,0,5.0,Streaming,Problem fixed
200,CUST-0355,2022-06-07 00:00:00,0,5.0,Streaming,Problem fixed
201,CUST-0199,2023-03-03 00:00:00,1,3.0,Login,Login fails intermittently
202,CUST-0199,2023-03-04 00:00:00,1,2.0,Technical,Still facing issue
203,CUST-0199,2023-03-05 00:00:00,2,1.0,Technical,Escalated to Techncal team
204,CUST-0199,2023-03-06 00:00:00,2,1.0,Technical,Escalated to Techncal team
205,CUST-0244,2020-04-04 00:00:00,0,5.0,Content,Found what I wanted
206,CUST-0244,2020-04-04 00:00:00,0,5.0,Content,Found what I wanted
207,CUST-0244,2021-05-05 00:00:00,0,5.0,Content,Found what I wanted
208,CUST-0544,2021-10-10 00:00:00,1,3.0,Subscription,Cancelled but charged again
209,CUST-0544,2021-10-11 00:00:00,2,2.0,Subscription,Still charged after cancellation
210,CUST-0544,2021-10-12 00:00:00,2,1.0,Refund,Refund not received
211,CUST-0111,2022-01-01 00:00:00,0,5.0,Streaming,Works fine on mobile
212,CUST-0111,2022-02-01 00:00:00,0,5.0,Streaming,Works fine on mobile
213,CUST-0111,2022-03-01 00:00:00,0,5.0,Streaming,Works fine on mobile
214,CUST-0112,2023-07-07 00:00:00,0,4.0,App,App slow after update
215,CUST-0112,2023-07-08 00:00:00,1,3.0,Technical,Performance issue persists
216,CUST-0112,2023-07-09 00:00:00,1,2.0,Technical,Still waiting for response
217,CUST-0112,2023-07-10 00:00:00,2,1.0,Technical,Escalated to engineering
218,CUST-0166,2020-08-08 00:00:00,0,5.0,Streaming,Great quality
219,CUST-0166,2021-08-08 00:00:00,0,5.0,Streaming,Great quality
220,CUST-0166,2022-08-08 00:00:00,0,5.0,Streaming,Great quality
221,CUST-0077,2021-02-14 00:00:00,0,4.0,Billing,Need invoice for last month
222,CUST-0077,2021-02-15 00:00:00,0,4.0,Billing,Invoice received 
223,CUST-0077,2021-02-16 00:00:00,0,4.0,Billing,Invoice received
224,CUST-0260,2024-05-05 00:00:00,0,5.0,Content,New movies are great
225,CUST-0260,2024-05-06 00:00:00,0,5.0,Content,New movies are great
226,CUST-0404,2020-10-10 00:00:00,1,3.0,Login,Login says service unavailable
227,CUST-0404,2020-10-11 00:00:00,1,2.0,Login,Still cannot access account
228,CUST-0404,2020-10-12 00:00:00,2,1.0,Account,Account flagged incorrectly
229,CUST-0404,2020-10-12 00:00:00,2,1.0,Account,Account flagged incorrectly
230,CUST-0404,2020-10-12 00:00:00,2,1.0,Account,Account flagged incorrectly
231,CUST-0340,2022-09-09 00:00:00,0,5.0,Streaming,Everything works fine
232,CUST-0340,2022-09-10 00:00:00,0,5.0,Streaming,Everything works fine
233,CUST-0340,2022-09-11 00:00:00,0,5.0,Streaming,Everything works fine
234,CUST-0340,2022-09-11 00:00:00,0,5.0,Streaming,Everything works fine
235,CUST-0588,2021-12-01 00:00:00,1,4.0,Payment,Payment method failed
236,CUST-0588,2021-12-02 00:00:00,1,3.0,Payment,Still failing
237,CUST-0588,2021-12-10 00:00:00,2,2.0,Billing,Charged incorrectly
238,CUST-0088,2023-11-11 00:00:00,0,5.0,Streaming,Great UX
239,CUST-0088,2023-11-12 00:00:00,0,5.0,Streaming,Great UX
240,CUST-0088,2024-01-01 00:00:00,0,5.0,Streaming,Great UX
241,CUST-0088,2024-01-02 00:00:00,0,5.0,Streaming,Great UX
242,CUST-0088,2024-01-03 00:00:00,0,5.0,Streaming,Great UX
243,CUST-0155,2020-05-05 00:00:00,0,4.0,Login,Password reset successful
244,CUST-0155,2020-05-06 00:00:00,0,4.0,Login,Password reset successful
245,CUST-0155,2021-05-06 00:00:00,0,5.0,Login,Password reset successful
246,CUST-0345,2022-01-01 00:00:00,1,2.0,Buffering,Video buffers frequently
247,CUST-0345,2022-01-02 00:00:00,1,1.0,Streaming,Still buffering heavily
248,CUST-0345,2022-01-03 00:00:00,2,1.0,Technical,Escalated to isp team
249,CUST-0345,2022-01-03 00:00:00,2,1.0,Technical,Escalated to isp team
251,CUST-0545,2023-08-04 11:53:51,0,4.0,High,Login Problem
252,CUST-0034,2024-12-25 18:26:28,2,2.0,Critical,Poor Customer Service
253,CUST-0488,2020-11-24 23:52:42,0,4.0,High,Poor Recommendation
254,CUST-0124,2025-04-18 13:46:57,0,4.0,Low,Payment Failed
255,CUST-0394,2025-03-07 08:06:07,1,4.0,Critical,Payment Failed
256,CUST-0596,2023-01-18 08:01:50,1,,Critical,No Comment
257,CUST-0421,2025-02-10 22:02:18,0,4.0,Low,Refund Requested
258,CUST-0082,2020-04-28 14:10:25,0,3.0,High,Buffering
259,CUST-0415,2022-04-03 16:50:42,1,4.0,High,Streaming Issue
260,CUST-0342,2021-09-20 04:32:28,1,4.0,Critical,Refund Requested
261,CUST-0247,2025-01-05 15:28:55,2,2.0,Medium,App Crash
262,CUST-0158,2023-08-16 16:24:42,1,3.0,High,Payment Failed
263,CUST-0384,2024-10-14 12:25:11,1,4.0,High,Login Problem
264,CUST-0295,2022-05-27 02:50:09,0,4.0,Critical,Subscription Issue
265,CUST-0282,2022-11-09 10:12:21,1,3.0,Low,Refund Requested
266,CUST-0532,2024-09-19 04:27:24,1,2.0,Critical,App Crash
267,CUST-0025,2024-12-06 22:28:56,2,,Critical,Poor Recommendation
268,CUST-0260,2024-01-18 11:04:15,1,2.0,High,Billing Issue
269,CUST-0156,2025-12-29 04:36:41,1,2.0,Low,Payment Failed
270,CUST-0171,2025-11-17 11:01:22,0,3.0,High,Poor Customer Service
271,CUST-0349,2022-02-16 20:40:34,2,2.0,High,No Comment
272,CUST-0305,2022-09-28 14:25:37,0,5.0,High,Poor Recommendation
273,CUST-0435,2024-03-24 02:40:11,2,2.0,High,
274,CUST-0462,2023-04-08 18:22:25,0,3.0,Medium,
275,CUST-0350,2023-10-13 11:48:47,0,3.0,Low,No Comment
276,CUST-0007,2025-07-12 15:40:49,1,3.0,Critical,Subscription Issue
277,CUST-0127,2021-10-30 16:13:19,1,2.0,Low,Buffering
278,CUST-0409,2023-03-25 22:32:32,1,2.0,High,Billing Issue
279,CUST-0408,2023-12-18 11:49:27,0,,High,Streaming Issue
280,CUST-0143,2024-11-15 00:27:55,0,4.0,Low,Refund Requested
281,CUST-0049,2025-08-09 10:58:50,1,5.0,Critical,Payment Failed
282,CUST-0231,2020-07-31 05:21:28,1,5.0,Critical,Poor Customer Service
283,CUST-0141,2022-01-18 00:32:53,1,3.0,Medium,Billing Issue
284,CUST-0569,2022-11-15 00:25:31,0,4.0,Medium,Subscription Issue
285,CUST-0212,2022-08-25 21:45:09,0,3.0,Critical,App Crash
286,CUST-0566,2025-01-06 21:03:57,1,3.0,Low,App Crash
287,CUST-0382,2024-10-12 22:50:55,1,4.0,Critical,Streaming Issue
288,CUST-0152,2023-03-11 21:41:03,1,3.0,Medium,Subscription Issue
289,CUST-0214,2025-04-15 14:13:04,0,3.0,High,Buffering
290,CUST-0309,2025-10-22 04:36:43,1,3.0,High,Payment Failed
291,CUST-0435,2024-03-30 13:56:56,2,,Critical,Login Problem
292,CUST-0383,2021-04-25 13:20:49,1,4.0,Low,Buffering
293,CUST-0532,2022-08-21 17:58:43,0,4.0,Low,App Crash
294,CUST-0303,2023-08-23 02:48:17,1,5.0,Low,Subscription Issue
295,CUST-0546,2025-03-03 05:04:50,0,5.0,Medium,Poor Customer Service
296,CUST-0333,2025-07-24 00:24:24,0,4.0,Critical,Payment Failed
297,CUST-0574,2023-10-12 23:29:30,1,2.0,High,Refund Requested
298,CUST-0459,2025-04-26 14:31:21,1,3.0,High,No Comment
299,CUST-0269,2023-08-27 17:03:31,0,,Critical,Payment Failed
300,CUST-0241,2023-05-29 07:23:15,0,4.0,Critical,Payment Failed
301,CUST-0016,2025-02-24 04:46:38,0,3.0,Medium,Subscription Issue
302,CUST-0530,2024-06-16 00:34:38,1,3.0,Critical,Poor Customer Service
303,CUST-0369,2021-08-23 02:48:57,0,4.0,Critical,Billing Issue
304,CUST-0220,2023-12-07 06:43:52,1,4.0,Low,Streaming Issue
305,CUST-0377,2025-01-18 17:41:21,3,2.0,High,Poor Recommendation
306,CUST-0058,2023-07-03 09:28:41,1,3.0,High,No Comment
307,CUST-0152,2024-11-20 02:42:54,3,2.0,Critical,Refund Requested
308,CUST-0445,2021-03-25 23:17:05,1,4.0,High,Buffering
309,CUST-0383,2023-08-16 09:14:09,1,2.0,Low,Poor Customer Service
310,CUST-0307,2025-02-15 02:38:07,1,4.0,Critical,Billing Issue
311,CUST-0526,2025-05-06 18:58:08,0,4.0,Medium,Billing Issue
312,CUST-0090,2024-08-07 14:58:31,1,,Critical,Buffering
313,CUST-0083,2025-12-17 06:23:53,0,3.0,Low,Buffering
314,CUST-0478,2022-08-02 07:59:52,1,4.0,Medium,Login Problem
315,CUST-0087,2023-11-06 03:14:30,1,4.0,Medium,Poor Recommendation
316,CUST-0585,2025-08-11 14:12:16,1,2.0,High,Payment Failed
317,CUST-0193,2024-04-07 16:01:56,1,3.0,Medium,Streaming Issue
318,CUST-0521,2024-11-16 06:47:27,0,5.0,Low,Billing Issue
319,CUST-0354,2024-01-09 02:58:53,2,,Critical,Payment Failed
320,CUST-0468,2024-03-19 03:31:01,0,4.0,High,
321,CUST-0152,2023-03-09 21:21:28,1,4.0,High,Streaming Issue
322,CUST-0385,2024-10-10 14:13:31,0,4.0,High,No Comment
323,CUST-0350,2025-07-22 16:58:53,2,,Critical,Poor Recommendation
324,CUST-0577,2023-10-08 05:00:27,1,3.0,Medium,Billing Issue
325,CUST-0426,2023-10-05 08:17:14,0,5.0,Low,Poor Customer Service
326,CUST-0347,2025-10-02 13:44:05,1,3.0,Critical,
327,CUST-0294,2025-05-15 12:14:15,0,4.0,High,Buffering
328,CUST-0437,2025-05-15 07:34:29,0,3.0,High,Poor Recommendation
329,CUST-0118,2022-04-11 02:17:25,0,3.0,High,Subscription Issue
330,CUST-0504,2021-08-17 05:19:33,0,4.0,Medium,Payment Failed
331,CUST-0033,2023-11-03 19:54:36,1,3.0,High,Billing Issue
332,CUST-0132,2024-01-20 08:52:38,0,5.0,Low,App Crash
333,CUST-0435,2024-07-22 18:10:14,1,3.0,Medium,Poor Customer Service
334,CUST-0461,2022-08-21 09:04:44,1,5.0,Critical,Subscription Issue
335,CUST-0118,2021-05-06 17:01:55,0,4.0,High,Poor Recommendation
336,CUST-0577,2021-08-04 11:36:11,1,4.0,Low,Payment Failed
337,CUST-0529,2025-12-11 08:58:11,1,4.0,Medium,
338,CUST-0199,2024-06-21 06:56:27,0,4.0,Low,Payment Failed
339,CUST-0564,2025-04-06 21:44:56,1,4.0,Critical,Poor Customer Service
340,CUST-0047,2023-03-01 01:22:52,0,4.0,High,Poor Recommendation
341,CUST-0261,2021-10-22 22:29:54,1,2.0,Critical,Payment Failed
342,CUST-0263,2025-09-12 11:05:12,1,2.0,Critical,Billing Issue
343,CUST-0281,2024-01-24 04:12:15,1,3.0,Low,Refund Requested
344,CUST-0184,2025-03-18 08:48:53,1,3.0,Low,Poor Customer Service
345,CUST-0276,2024-03-10 04:23:33,1,2.0,Medium,No Comment
346,CUST-0511,2025-08-26 23:55:37,3,2.0,High,Refund Requested
347,CUST-0074,2025-09-25 15:45:02,0,4.0,Low,App Crash
348,CUST-0115,2024-02-02 00:30:12,0,3.0,High,No Comment
349,CUST-0353,2020-05-03 18:06:33,1,3.0,Critical,Payment Failed
350,CUST-0543,2022-02-17 02:33:55,0,4.0,Critical,Streaming Issue
351,CUST-0081,2022-10-10 17:01:19,0,4.0,Low,Subscription Issue
352,CUST-0130,2021-03-24 01:34:59,0,5.0,High,Billing Issue
353,CUST-0188,2023-09-22 10:23:03,0,4.0,Low,Streaming Issue
354,CUST-0146,2026-05-31 12:44:21,0,3.0,High,No Comment
355,CUST-0395,2024-04-02 20:36:47,1,3.0,Critical,Billing Issue
356,CUST-0335,2024-01-04 17:13:05,1,3.0,High,Poor Customer Service
357,CUST-0540,2025-10-06 22:09:55,1,3.0,Low,Refund Requested
358,CUST-0206,2025-11-23 03:23:12,1,4.0,Critical,Poor Customer Service
359,CUST-0358,2025-09-10 07:45:29,0,5.0,Low,Login Problem
360,CUST-0363,2022-07-07 01:14:54,1,3.0,Critical,App Crash
361,CUST-0316,2025-12-05 14:38:25,1,3.0,Critical,Poor Recommendation
362,CUST-0155,2024-12-26 16:28:12,0,4.0,Low,Subscription Issue
363,CUST-0507,2022-02-03 14:08:04,0,3.0,Low,Subscription Issue
364,CUST-0104,2025-02-18 09:20:59,0,4.0,Low,Buffering
365,CUST-0534,2025-12-23 11:06:33,1,3.0,Low,No Comment
366,CUST-0404,2025-10-23 08:12:21,0,3.0,High,Buffering
367,CUST-0163,2023-08-03 19:47:42,1,3.0,Low,Poor Customer Service
368,CUST-0187,2025-09-23 15:10:47,0,4.0,Low,Subscription Issue
369,CUST-0185,2025-04-27 07:18:07,0,3.0,Medium,App Crash
370,CUST-0258,2021-08-02 13:05:14,2,2.0,Critical,Payment Failed
371,CUST-0048,2023-05-29 17:41:49,0,5.0,High,Login Problem
372,CUST-0561,2023-09-19 09:31:41,0,5.0,Critical,Subscription Issue
373,CUST-0141,2023-07-27 00:44:29,1,3.0,Critical,Login Problem
374,CUST-0349,2025-06-02 08:42:45,1,3.0,Low,
375,CUST-0576,2024-07-04 06:39:03,1,3.0,Low,Streaming Issue
376,CUST-0065,2021-08-03 09:38:07,0,3.0,High,Streaming Issue
377,CUST-0555,2023-12-13 21:16:16,0,3.0,Medium,Poor Customer Service
378,CUST-0267,2024-09-24 19:43:37,1,3.0,Low,Subscription Issue
379,CUST-0086,2024-05-04 01:26:46,1,3.0,Low,No Comment
380,CUST-0357,2025-02-25 18:38:13,0,5.0,Medium,Payment Failed
381,CUST-0481,2024-09-17 19:01:37,0,4.0,Low,Login Problem
382,CUST-0593,2025-03-08 00:06:07,1,4.0,Critical,Billing Issue
383,CUST-0411,2025-12-26 08:16:31,0,4.0,Critical,Payment Failed
384,CUST-0087,2025-12-21 01:42:31,1,4.0,High,Subscription Issue
385,CUST-0590,2024-12-25 03:54:16,1,3.0,High,Subscription Issue
386,CUST-0447,2025-10-27 23:42:15,0,4.0,High,Buffering
387,CUST-0154,2024-03-14 06:47:36,0,4.0,High,Streaming Issue
388,CUST-0149,2021-12-14 13:18:48,0,4.0,Medium,Streaming Issue
389,CUST-0561,2025-05-17 02:22:53,0,,Critical,Billing Issue
390,CUST-0501,2023-10-21 17:34:58,1,3.0,Low,Refund Requested
391,CUST-0044,2024-12-05 12:08:35,1,3.0,High,App Crash
392,CUST-0450,2023-05-27 23:06:07,1,5.0,Critical,Billing Issue
393,CUST-0461,2022-12-24 18:15:04,0,5.0,Critical,Payment Failed
394,CUST-0284,2023-02-17 04:31:54,0,3.0,Critical,Subscription Issue
395,CUST-0501,2025-06-08 21:56:23,0,5.0,Medium,Poor Recommendation
396,CUST-0087,2020-06-23 17:01:38,1,2.0,High,Payment Failed
397,CUST-0031,2025-06-24 19:41:21,1,4.0,Low,No Comment
398,CUST-0234,2024-06-19 20:08:59,1,4.0,Medium,Buffering
399,CUST-0217,2022-09-07 03:04:14,1,3.0,Medium,Poor Customer Service
400,CUST-0041,2024-10-23 06:48:14,1,3.0,Critical,Streaming Issue
401,CUST-0401,2025-07-18 22:09:34,1,3.0,High,Poor Recommendation
402,CUST-0309,2025-09-01 20:37:53,1,,Critical,Billing Issue
403,CUST-0119,2025-04-06 19:56:55,0,4.0,High,Poor Recommendation
404,CUST-0363,2022-09-22 14:06:40,0,4.0,High,Billing Issue
405,CUST-0068,2023-08-18 01:44:16,1,5.0,Medium,Poor Customer Service
406,CUST-0308,2024-12-18 14:15:51,1,3.0,Medium,Poor Customer Service
407,CUST-0150,2022-01-19 08:28:48,0,4.0,High,Streaming Issue
408,CUST-0538,2021-07-17 08:02:38,0,4.0,Low,App Crash
409,CUST-0036,2021-09-28 10:14:54,1,3.0,High,App Crash
410,CUST-0369,2020-09-19 05:52:07,0,4.0,Low,Login Problem
411,CUST-0167,2021-11-25 13:19:42,0,4.0,High,Poor Recommendation
412,CUST-0339,2024-08-22 23:12:06,0,5.0,Low,Login Problem
413,CUST-0421,2022-05-14 05:56:18,1,2.0,Critical,No Comment
414,CUST-0006,2024-06-03 07:01:52,1,4.0,Medium,Poor Customer Service
415,CUST-0148,2023-02-09 22:51:08,1,4.0,Low,Poor Customer Service
416,CUST-0361,2024-06-05 15:37:41,0,5.0,Critical,Poor Customer Service
417,CUST-0288,2021-11-14 22:57:10,0,5.0,Medium,Buffering
418,CUST-0038,2023-03-01 06:06:11,0,4.0,Low,Streaming Issue
419,CUST-0182,2023-02-11 18:28:15,0,4.0,High,Buffering
420,CUST-0074,2024-02-02 06:54:01,1,3.0,Low,Poor Customer Service
421,CUST-0295,2024-03-16 01:25:21,0,4.0,Critical,Streaming Issue
422,CUST-0527,2020-09-02 17:21:52,1,2.0,High,Poor Recommendation
423,CUST-0225,2022-04-11 12:43:44,0,5.0,High,Buffering
424,CUST-0309,2025-07-14 10:28:20,1,3.0,Critical,No Comment
425,CUST-0418,2025-09-01 04:05:10,0,4.0,Low,Subscription Issue
426,CUST-0170,2022-05-12 15:20:41,0,5.0,Medium,Buffering
427,CUST-0248,2025-03-29 22:32:25,1,5.0,Medium,Login Problem
428,CUST-0555,2023-12-13 04:48:33,0,3.0,Medium,Poor Customer Service
429,CUST-0328,2025-08-02 18:47:43,1,2.0,Medium,Buffering
430,CUST-0361,2025-06-22 20:46:00,1,4.0,High,Login Problem
431,CUST-0068,2025-06-12 07:10:48,0,3.0,Medium,Refund Requested
432,CUST-0157,2023-10-18 17:48:54,0,5.0,Critical,Refund Requested
433,CUST-0289,2025-08-07 10:21:25,1,4.0,Critical,Buffering
434,CUST-0032,2025-05-28 14:58:47,0,4.0,Medium,No Comment
435,CUST-0336,2025-03-15 17:31:17,0,3.0,Critical,Subscription Issue
436,CUST-0103,2020-12-03 10:31:02,0,5.0,High,Subscription Issue
437,CUST-0031,2025-12-01 12:23:32,0,5.0,High,Subscription Issue
438,CUST-0396,2023-10-23 16:00:55,1,4.0,High,Payment Failed
439,CUST-0308,2025-06-30 05:00:40,0,4.0,Critical,Refund Requested
440,CUST-0595,2024-02-15 09:16:05,0,4.0,Low,Poor Recommendation
441,CUST-0284,2022-10-29 03:52:04,1,5.0,Low,
442,CUST-0397,2024-05-20 21:10:16,0,4.0,Critical,Billing Issue
443,CUST-0036,2023-06-27 22:47:30,0,5.0,Medium,Streaming Issue
444,CUST-0344,2024-10-03 23:47:08,1,3.0,Critical,Login Problem
445,CUST-0160,2024-04-30 23:16:30,2,2.0,Medium,No Comment
446,CUST-0589,2023-06-06 01:39:16,1,3.0,Critical,Poor Customer Service
447,CUST-0565,2023-02-27 21:27:38,0,5.0,Low,Refund Requested
448,CUST-0450,2023-10-18 02:17:52,0,3.0,Low,Poor Customer Service
449,CUST-0555,2025-06-08 22:13:30,1,3.0,Low,No Comment
450,CUST-0430,2025-05-05 02:16:28,1,5.0,Medium,Poor Recommendation
451,CUST-0297,2025-12-15 17:24:53,0,5.0,Low,App Crash
452,CUST-0575,2020-10-04 08:17:42,1,2.0,Medium,Streaming Issue
453,CUST-0020,2022-12-18 08:08:06,0,4.0,Medium,Login Problem
454,CUST-0463,2025-01-04 02:49:07,1,3.0,High,
455,CUST-0206,2024-07-13 13:41:53,0,5.0,Critical,Billing Issue
456,CUST-0417,2022-12-09 12:24:34,0,4.0,Low,Billing Issue
457,CUST-0340,2025-09-05 11:06:16,1,4.0,High,Poor Recommendation
458,CUST-0027,2024-11-13 23:36:42,0,3.0,Low,Billing Issue
459,CUST-0375,2024-05-22 20:09:59,1,3.0,High,Streaming Issue
460,CUST-0084,2025-03-15 23:56:42,1,4.0,Low,Buffering
461,CUST-0365,2021-05-31 20:18:23,1,3.0,High,Poor Recommendation
462,CUST-0011,2022-11-03 23:01:34,0,3.0,Low,Login Problem
463,CUST-0269,2023-04-13 16:40:05,0,4.0,Medium,Subscription Issue
464,CUST-0049,2025-09-12 18:41:16,0,5.0,Medium,Poor Customer Service
465,CUST-0400,2024-05-04 17:21:14,0,4.0,Medium,Poor Recommendation
466,CUST-0219,2025-03-30 12:18:55,0,,High,Poor Customer Service
467,CUST-0284,2023-11-17 10:31:04,0,5.0,High,Billing Issue
468,CUST-0478,2024-02-22 04:39:53,0,5.0,Critical,Streaming Issue
469,CUST-0365,2022-10-14 17:33:51,0,4.0,High,Poor Customer Service
470,CUST-0371,2025-11-11 15:23:23,0,4.0,High,Streaming Issue
471,CUST-0105,2025-11-11 08:17:52,1,2.0,Critical,Billing Issue
472,CUST-0415,2023-12-08 09:22:26,1,2.0,Critical,Poor Recommendation
473,CUST-0051,2025-12-29 06:02:03,1,,Critical,Payment Failed
474,CUST-0223,2024-03-29 00:38:37,0,3.0,Low,Subscription Issue
475,CUST-0352,2025-06-17 10:42:26,1,2.0,Low,Billing Issue
476,CUST-0095,2024-02-22 05:41:13,1,,Critical,Billing Issue
477,CUST-0560,2023-11-20 23:49:34,2,2.0,Critical,
478,CUST-0013,2023-05-26 00:36:59,0,5.0,High,Poor Customer Service
479,CUST-0313,2025-01-06 15:03:12,0,4.0,High,App Crash
480,CUST-0218,2025-07-01 22:42:30,0,4.0,Critical,Streaming Issue
481,CUST-0164,2025-07-31 07:26:58,0,5.0,High,App Crash
482,CUST-0394,2025-05-07 12:16:22,1,3.0,High,
483,CUST-0458,2025-03-28 11:57:20,0,4.0,Low,Poor Recommendation
484,CUST-0062,2024-04-12 10:41:38,0,3.0,Low,Billing Issue
485,CUST-0154,2024-01-27 23:08:42,1,4.0,Medium,Refund Requested
486,CUST-0072,2025-03-04 22:12:03,1,3.0,High,Payment Failed
487,CUST-0310,2024-02-25 13:48:14,0,5.0,Critical,Streaming Issue
488,CUST-0095,2025-09-22 13:09:55,1,2.0,Critical,App Crash
489,CUST-0515,2024-11-10 02:35:49,1,3.0,High,Login Problem
490,CUST-0177,2025-05-22 05:38:25,0,5.0,Low,Billing Issue
491,CUST-0009,2025-10-11 05:30:24,1,3.0,Critical,
492,CUST-0425,2024-09-14 05:30:12,0,,Low,App Crash
493,CUST-0598,2023-12-10 12:49:55,0,4.0,Medium,Refund Requested
494,CUST-0331,2024-12-02 19:24:16,0,3.0,Low,Subscription Issue
495,CUST-0198,2025-04-25 18:36:19,1,4.0,Medium,Refund Requested
496,CUST-0160,2023-02-03 15:17:49,3,2.0,High,Login Problem
497,CUST-0344,2022-08-30 10:22:21,1,3.0,Low,Payment Failed
498,CUST-0336,2023-05-31 15:29:49,1,3.0,Low,Payment Failed
499,CUST-0174,2020-03-18 23:18:55,0,5.0,Medium,Streaming Issue
500,CUST-0007,2025-08-31 23:57:26,0,4.0,Medium,Buffering
501,CUST-0589,2025-10-22 12:47:30,1,3.0,Critical,Poor Customer Service
502,CUST-0128,2023-01-03 08:34:08,0,5.0,Critical,Refund Requested
503,CUST-0163,2025-06-25 23:33:09,1,2.0,Critical,App Crash
504,CUST-0413,2023-02-18 22:43:19,1,2.0,High,Poor Recommendation
505,CUST-0093,2025-11-13 21:45:06,0,5.0,Low,Subscription Issue
506,CUST-0237,2025-04-20 13:00:36,1,5.0,Low,Login Problem
507,CUST-0092,2024-07-09 03:40:46,0,4.0,High,Billing Issue
508,CUST-0488,2025-08-01 14:01:58,1,2.0,Low,App Crash
509,CUST-0501,2025-01-17 07:00:03,1,4.0,Medium,Buffering
510,CUST-0458,2024-11-05 12:21:11,0,4.0,High,Refund Requested
511,CUST-0574,2023-03-02 16:34:46,1,3.0,Critical,
512,CUST-0479,2025-11-07 13:06:33,1,3.0,Low,Subscription Issue
513,CUST-0569,2022-07-20 07:01:38,0,3.0,Medium,No Comment
514,CUST-0032,2025-08-23 13:52:33,2,2.0,High,No Comment
515,CUST-0067,2025-11-20 18:39:18,0,,Critical,App Crash
516,CUST-0537,2025-02-08 01:25:20,0,4.0,Critical,Buffering
517,CUST-0121,2021-06-07 04:22:11,0,3.0,High,App Crash
518,CUST-0036,2021-09-28 00:23:43,1,3.0,High,App Crash
519,CUST-0003,2025-10-19 04:07:22,0,4.0,Medium,Refund Requested
520,CUST-0458,2024-09-20 16:55:41,0,4.0,High,Subscription Issue
521,CUST-0154,2025-08-30 04:24:09,1,3.0,Critical,Poor Customer Service
522,CUST-0524,2024-04-09 15:24:49,1,4.0,Critical,App Crash
523,CUST-0308,2025-04-07 01:04:59,1,3.0,High,
524,CUST-0194,2023-12-23 18:49:39,1,5.0,Low,Poor Customer Service
525,CUST-0043,2024-12-26 01:20:01,3,2.0,Critical,App Crash
526,CUST-0337,2022-06-25 09:40:41,1,3.0,Low,Poor Customer Service
527,CUST-0058,2024-11-07 06:57:57,1,2.0,Medium,App Crash
528,CUST-0380,2021-10-22 01:08:00,1,5.0,Low,Buffering
529,CUST-0403,2024-10-29 06:32:55,1,5.0,Critical,Buffering
530,CUST-0175,2025-02-28 19:47:45,1,5.0,Critical,Subscription Issue
531,CUST-0585,2025-02-28 00:02:30,0,4.0,Medium,Login Problem
532,CUST-0414,2023-05-31 05:37:43,0,4.0,Critical,Login Problem
533,CUST-0165,2020-10-16 11:59:10,0,4.0,Low,Subscription Issue
534,CUST-0247,2025-11-08 00:47:00,3,2.0,Medium,Login Problem
535,CUST-0141,2025-07-17 22:18:27,1,3.0,Low,Buffering
536,CUST-0390,2025-03-14 20:30:07,0,4.0,Low,Payment Failed
537,CUST-0235,2025-06-23 02:31:01,3,2.0,Low,Billing Issue
538,CUST-0539,2024-05-28 23:30:06,1,4.0,Critical,App Crash
539,CUST-0156,2024-02-24 16:30:18,1,3.0,Low,Buffering
540,CUST-0070,2025-09-15 05:44:53,0,4.0,High,Poor Customer Service
541,CUST-0146,2025-10-28 22:10:08,1,3.0,Critical,Billing Issue
542,CUST-0342,2021-09-20 04:07:47,1,4.0,Critical,Refund Requested
543,CUST-0077,2023-04-02 02:53:19,0,4.0,Low,Buffering
544,CUST-0548,2026-04-08 13:54:53,1,2.0,High,Poor Recommendation
545,CUST-0508,2022-01-29 05:51:49,0,4.0,Critical,Login Problem
546,CUST-0007,2025-01-29 22:41:10,1,2.0,Low,Login Problem
547,CUST-0496,2022-10-03 20:00:05,1,3.0,Medium,Payment Failed
548,CUST-0265,2021-01-17 00:35:29,0,5.0,Medium,Refund Requested
549,CUST-0344,2025-10-07 07:44:41,0,3.0,Low,No Comment
550,CUST-0342,2021-09-15 09:41:53,2,2.0,Critical,App Crash
551,CUST-0590,2023-09-24 05:13:08,1,3.0,High,Billing Issue
552,CUST-0252,2024-05-11 13:09:49,0,3.0,Medium,App Crash
553,CUST-0040,2025-10-13 14:38:50,1,3.0,Critical,Poor Customer Service
554,CUST-0477,2025-09-23 06:04:51,1,5.0,High,Poor Customer Service
555,CUST-0580,2023-04-16 00:28:57,0,4.0,High,App Crash
556,CUST-0177,2022-01-14 01:15:11,1,3.0,Low,Buffering
557,CUST-0348,2025-01-15 17:43:24,0,3.0,Low,App Crash
558,CUST-0551,2023-03-13 08:07:24,1,3.0,Medium,
559,CUST-0079,2021-04-18 13:31:14,1,4.0,High,Billing Issue
560,CUST-0130,2024-04-14 15:57:06,0,3.0,Medium,Buffering
561,CUST-0421,2023-07-16 03:33:25,0,4.0,High,Payment Failed
562,CUST-0195,2023-05-12 03:47:04,0,5.0,Medium,Subscription Issue
563,CUST-0523,2023-09-29 21:15:33,0,5.0,Critical,Poor Recommendation
564,CUST-0319,2025-12-14 04:44:24,1,5.0,Low,App Crash
565,CUST-0349,2022-12-25 22:58:41,1,3.0,Critical,Poor Recommendation
566,CUST-0073,2025-08-10 09:55:23,0,3.0,Low,Login Problem
567,CUST-0264,2025-10-06 21:24:31,1,3.0,High,Buffering
568,CUST-0144,2022-02-21 18:45:42,2,,Low,Refund Requested
569,CUST-0063,2024-09-23 14:00:26,1,5.0,Medium,Billing Issue
570,CUST-0567,2025-01-05 06:13:39,0,4.0,Medium,App Crash
571,CUST-0502,2025-11-21 03:32:47,0,5.0,High,Poor Customer Service
572,CUST-0253,2025-08-20 03:25:47,1,2.0,Critical,Billing Issue
573,CUST-0434,2023-02-09 17:52:26,1,3.0,Medium,Poor Customer Service
574,CUST-0366,2025-02-11 18:49:52,3,2.0,Low,Streaming Issue
575,CUST-0165,2020-05-18 23:54:37,1,3.0,Critical,No Comment
576,CUST-0210,2025-12-09 15:38:16,1,3.0,Low,
577,CUST-0216,2025-08-26 10:29:35,0,4.0,Critical,Streaming Issue
578,CUST-0318,2020-12-26 10:23:51,1,4.0,Medium,Refund Requested
579,CUST-0031,2025-09-07 21:24:47,0,5.0,Low,Buffering
580,CUST-0311,2024-12-23 03:35:22,0,3.0,Critical,Refund Requested
581,CUST-0117,2026-01-09 12:16:29,1,4.0,Critical,Poor Recommendation
582,CUST-0295,2023-12-06 05:41:44,0,4.0,Critical,Payment Failed
583,CUST-0570,2025-02-09 18:46:35,3,2.0,High,
584,CUST-0528,2024-05-27 11:57:24,0,4.0,Low,Billing Issue
585,CUST-0329,2025-04-24 17:30:10,2,,Critical,Poor Customer Service
586,CUST-0214,2025-01-15 10:41:08,1,2.0,Critical,Refund Requested
587,CUST-0485,2023-02-07 00:43:02,2,,High,Poor Customer Service
588,CUST-0491,2025-05-05 19:35:19,0,4.0,Low,Buffering
589,CUST-0367,2025-02-13 03:34:31,0,3.0,Low,Streaming Issue
590,CUST-0442,2022-06-13 14:18:58,0,5.0,Low,
591,CUST-0070,2025-10-12 13:31:19,1,4.0,Medium,Payment Failed
592,CUST-0141,2023-10-02 20:52:48,1,3.0,High,App Crash
593,CUST-0373,2022-12-17 22:23:14,1,3.0,High,Billing Issue
594,CUST-0122,2023-09-05 07:38:26,3,2.0,Medium,No Comment
595,CUST-0423,2025-04-16 01:58:02,2,2.0,Medium,Subscription Issue
596,CUST-0209,2023-07-28 18:40:42,1,3.0,Low,Subscription Issue
597,CUST-0044,2025-01-22 02:16:13,0,4.0,Low,No Comment
598,CUST-0568,2023-11-20 19:18:23,2,,Critical,Poor Customer Service
599,CUST-0212,2024-02-29 19:46:39,1,4.0,Low,Buffering
600,CUST-0012,2025-04-28 18:07:15,1,3.0,Low,No Comment
601,CUST-0006,2025-05-10 23:48:57,1,3.0,Critical,
602,CUST-0223,2026-07-31 20:42:42,1,4.0,High,Refund Requested
603,CUST-0003,2025-03-07 18:06:13,1,4.0,Critical,Poor Customer Service
604,CUST-0263,2022-09-19 10:44:47,2,,Critical,Poor Customer Service
605,CUST-0277,2023-06-30 03:21:53,0,4.0,High,App Crash
606,CUST-0202,2020-10-23 05:12:32,0,5.0,Medium,App Crash
607,CUST-0322,2023-09-06 07:09:17,0,3.0,Low,Poor Customer Service
608,CUST-0428,2025-12-30 21:45:47,0,3.0,Low,Refund Requested
609,CUST-0115,2024-12-17 00:53:26,0,4.0,Critical,Poor Customer Service
610,CUST-0229,2020-06-26 06:59:48,0,4.0,Critical,App Crash
611,CUST-0528,2025-02-25 08:55:38,0,,Medium,Streaming Issue
612,CUST-0047,2022-04-15 01:52:16,0,3.0,High,Refund Requested
613,CUST-0192,2025-10-08 13:32:03,0,4.0,Low,Buffering
614,CUST-0361,2024-08-04 10:01:57,0,4.0,Medium,Subscription Issue
615,CUST-0112,2025-04-29 05:46:10,0,,Critical,Subscription Issue
616,CUST-0290,2022-07-06 08:22:27,1,3.0,High,No Comment
617,CUST-0452,2025-08-23 03:56:38,1,2.0,Critical,Billing Issue
618,CUST-0029,2025-10-24 18:06:17,0,4.0,Medium,Payment Failed
619,CUST-0390,2023-07-08 17:20:27,1,4.0,High,No Comment
620,CUST-0191,2024-11-18 22:11:43,0,5.0,Low,No Comment
621,CUST-0390,2025-03-27 18:44:16,1,3.0,Low,App Crash
622,CUST-0320,2025-03-09 16:23:25,3,2.0,High,Payment Failed
623,CUST-0144,2025-05-06 09:42:29,0,,Medium,Poor Recommendation
624,CUST-0462,2023-07-27 09:32:58,0,4.0,Low,App Crash
625,CUST-0266,2023-05-13 22:34:42,0,5.0,Medium,Refund Requested
626,CUST-0011,2020-05-05 01:41:42,1,4.0,Medium,Subscription Issue
627,CUST-0459,2025-03-16 03:55:09,0,5.0,High,Streaming Issue
628,CUST-0106,2024-03-24 22:48:11,1,4.0,Low,No Comment
629,CUST-0099,2025-06-07 07:34:59,0,4.0,Low,Poor Customer Service
630,CUST-0133,2025-01-29 03:03:50,0,4.0,Critical,Subscription Issue
631,CUST-0441,2025-04-18 03:28:42,0,4.0,High,No Comment
632,CUST-0189,2023-06-18 04:00:38,0,4.0,High,
633,CUST-0574,2022-05-09 15:32:57,2,2.0,Critical,Streaming Issue
634,CUST-0185,2025-04-27 08:29:06,0,3.0,Medium,App Crash
635,CUST-0237,2024-12-24 15:02:11,1,3.0,Medium,Refund Requested
636,CUST-0275,2025-02-09 12:00:20,1,4.0,High,Refund Requested
637,CUST-0597,2025-10-28 11:39:43,2,2.0,Low,Poor Recommendation
638,CUST-0424,2025-07-05 08:48:26,2,2.0,Medium,No Comment
639,CUST-0036,2020-07-25 23:38:23,0,4.0,Critical,Poor Customer Service
640,CUST-0288,2021-03-29 10:33:06,0,3.0,High,Buffering
641,CUST-0493,2024-12-20 05:28:17,0,4.0,High,Login Problem
642,CUST-0125,2024-01-23 11:10:19,0,,Medium,Refund Requested
643,CUST-0583,2025-04-15 10:53:52,0,4.0,High,Refund Requested
644,CUST-0555,2024-02-29 23:24:24,1,2.0,Medium,Billing Issue
645,CUST-0018,2021-06-02 12:32:12,0,,Critical,Subscription Issue
646,CUST-0464,2022-10-12 22:48:23,0,4.0,Critical,Billing Issue
647,CUST-0308,2025-01-03 22:52:52,0,4.0,Critical,Refund Requested
648,CUST-0408,2024-06-14 10:39:10,0,4.0,Low,Payment Failed
649,CUST-0527,2020-04-23 01:23:41,1,3.0,Medium,Payment Failed
650,CUST-0343,2023-01-19 05:11:48,0,5.0,Critical,Poor Recommendation
